,customer_unique_id,product_id
0,7973a6ba9c81ecaeb3d628c33c7c7c48,7c1bd920dbdf22470b68bde975dd3ccf
1,831a032a3327e2b8325faf9d37953870,216bb0e0cd43ffd832e0973d35e0377e
2,cb2d00950f18d7d8f7fcfc8cc3a173b7,389d119b48cf3043d311335e499d9c6b
3,f8f6ed51ded0d4757a6153f5ce0f8906,10717ff440b2320081989126e858b220
4,bf257f507db19138f5bc4065313c1f87,e53e557d5a159f5aa2c5e995dfdf244b
5,3702265e16e5246cff7462ea675f6d90,c403e106353e1aa40efe783ecb39ed7a
6,c375736396906dff8414217e02c45661,9f1c3e71d56894398a42b050b07f1baa
7,563bf685b8426233585285851fa03881,ecbe1ef7e2903ff8b1d704ba78fa264d
8,09c361fed7245568f0f104496ed4f92f,a19b6951c75da43aad691622dd2f6abe
9,37cf7c94e4f9624b4507713dc6a58fab,f40876e0ef3cd5f9132b1f16b04b1346
10,b08b68bac767c3269e827f822d308182,727a46f0b58a9ef165af9f7ebcfebfa9
11,fde3e12f9fc7b5df5946a9c8256afe61,cd48f265a63e13b762601f5f794c5fca
12,ec441c1966bfa602976763f330fc5168,3f14d740544f37ece8a9e7bc8349797e
13,00da34ebf22b87f6c2f53dc069f237df,aca2eb7d00ea1a7b8ebd4e68314663af
14,1f98d2384ff7a372e6a2d3bb75cbcd54,928e52a9ad53a294fdcc91bcf59d1751
15,768e9ed92dd4fe880672c8e90dc4f74c,368c6c730842d78016ad823897a372db
16,e89bab624ed1d8c75012bf52bacc654c,154e7e31ebfa092203795c972e5804a6
17,d9752ac494a2b97507fd2faa478cabd9,35afc973633aaeb6b877ff57b2793310
18,850e8006b4f239916012dfd4f9bdeb0e,422879e10f46682990de24d770e7f83d
19,935b9c5a3162185f88dac06d8d08d623,41c24b8ce92d1a2cac62db5edfd088b2
20,d1ac08467e5ac5e907b719c89c80ff2c,16679d68bdbed3fb97af806424d7f2b7
21,5dda09ed137461608be539348c1dac39,36f60d45225e60c7da4558b070ce4b60
22,ea20fb8852a37fb8519b72f172bb3d67,c94d19d021d4a8fbae5a45f904aeea90
23,dfe404bc538d4172a3c0291fca2e74ee,58efb9b638561ce132216a9a612513e2
24,5b3186d7cf904f2f9369aec26faba4d2,24c66f106f642621e524291a895c9032
25,5882d9af214f8e2acb3e74b94a109c62,b532349fe46b38fbc7bb3914c1bdae07
26,83476105a4e9a12fcddd09081dc6cefe,422879e10f46682990de24d770e7f83d
27,0807baeeeaa1309effbd9a9dee41ab17,9ecadb84c81da840dbf3564378b586e9
28,f25f06e6fe07270ef5d0e88f19f178d0,53b36df67ebb7c41585e8d54d6772e08
29,98b69c34f0422d2e025280b55531166e,389d119b48cf3043d311335e499d9c6b
30,b3594bb146f9ab181aeb6c72deaabe54,a62e25e09e05e6faf31d90c6ec1aa3d1
31,81db097ffce4bd958cfffeca7c41e301,36f60d45225e60c7da4558b070ce4b60
32,80282a1a77281692a0339c2a08d0e6af,35ebf08a93899d44e756809e11b14754
33,894a2fac1dcb705a1e4097b8a9131e90,422879e10f46682990de24d770e7f83d
34,321a3e8cd267a0eda1010b26e921731b,aca2eb7d00ea1a7b8ebd4e68314663af
35,1a431b876dce84b93132c2f8bf2701a0,d2085f7e0f9533605386960fc7e987ec
36,b43f568bbfd407c4bd39813555657f2f,cd46a885543f0e169a49f1eb25c04e43
37,8fe4f9a0d6a47babbd498127a9109bd1,a50acd33ba7a8da8e9db65094fa990a4
38,7d27012b117e625faff580bec7cdf2e1,dbb67791e405873b259e4656bf971246
39,8505734f21396405b5477c75a45734fe,0a4093a4af429dc0a9334300e5c13ae5
40,c200738bdf77c733d12c17c44f6df7a6,ee57070aa3b24a06fdd0e02efd2d757d
41,b471f6779ed58f5dbcf786cf9842067a,87d780fa7d2cf3710aa02dc4ca8db985
42,ae64133264bf0753c75d9c2f1e5d2b5e,97017430754804328eb9597b7f85da03
43,d60206c59aedb23b925377dc8fdd43bb,aca2eb7d00ea1a7b8ebd4e68314663af
44,c9c41b0c9e8845c0d950c08ba0d7acd0,f646af315b0f3a597f69213537ca2199
45,7caf7197bf231963249e66cb4ce875d5,474bb6b54fc608ca71059a6c4f7ecda3
46,c639b7ee0ddefaf99a2b1c87cfcd718e,ccadfeab525a9eb1569983b66e5075c4
47,f6ed0bef0317e479c3cfbf243f9b1940,e44f675b60b3a3a2453ec36421e06f0f
48,582413ee5c9cf48218666c6fd967a221,ccadfeab525a9eb1569983b66e5075c4
49,51d91326ffc0688da14a001de38c264b,f1c7f353075ce59d8a6f3cf58f419c9c
50,a10c0d1e68e919e3d91ed940a0ba6aed,43423cdffde7fda63d0414ed38c11a73
51,dac0540077981a7fd7524504a8785267,eb8c629f70275fd1c4f809116cce1efc
52,bcf958b042ece5fd995de0dabb3abf56,53759a2ecddad2bb87a079a1f1519f73
53,a969e99358a58bed2f4073fd04165a2b,50fd2b788dc166edd20512370dac54df
54,28851a7f91fd1087baaaa471dfe40d4e,eb8c629f70275fd1c4f809116cce1efc
55,531f8d2a8f04b3fbbb76e35ceaf8dfe2,d5991653e037ccb7af6ed7d94246b249
56,3e084c2b3948e5beff170f89a2e9b653,d3c044bd42d84a79e3b0c42662806a48
57,b8939dbecf0659982b0e7d21c3731f7b,f71973c922ccaab05514a36a8bc741b8
58,25f24493ded5ebebc26a69b5db344e35,2b4609f8948be18874494203496bc318
59,0e7a4804f1665261e1257726779f6348,53759a2ecddad2bb87a079a1f1519f73
60,4e15fee963523774998876e3624952f4,78efe838c04bbc568be034082200ac20
61,e35c63c8d0151482f0b9d4743c678aa9,44fded21627553d1886d459384bbce06
62,3edcab192482e9871c17b34cf98c3996,595fac2a385ac33a80bd5114aec74eb8
63,90ca9674e65ff6b418a1b8063afc60a1,ecbe1ef7e2903ff8b1d704ba78fa264d
64,75bbb6b481a1df1689bb769e63ec3acb,154e7e31ebfa092203795c972e5804a6
65,e79f6cfdcc27ec08665098c48ab029e0,d1c427060a0f73f6b889a5c7c61f2ac4
66,6b22f90696d11798825c886cdb59bbfc,fbc1488c1a1e72ba175f53ab29a248e8
67,55094b4209466f0537cc52a4e3481639,d285360f29ac7fd97640bf0baef03de0
68,83476105a4e9a12fcddd09081dc6cefe,0bcc3eeca39e1064258aa1e932269894
69,4f4a4c713a7892d9db23f694fc647d13,e53e557d5a159f5aa2c5e995dfdf244b
70,519006324ed2926a8bc03f241ae81712,827c4a77226a3e7ef259d61eaa775df9
71,785829119d434b68719c0a1edfeecf89,abc3432ff825d8e524db1d4eac6d2099
72,92f5b9a03b9ee33b719cdacbf591e0bc,65266b2da20d04dbe00c5c2d3bb7859e
73,919b613e7aa171cb4ca017c049fbc5da,08574b074924071f4e201e151b152b4e
74,de419df8633c2774a7c68912cb578df9,aca2eb7d00ea1a7b8ebd4e68314663af
75,159306b86e782097be9a4e29e3d294d3,2b4609f8948be18874494203496bc318
76,ce42c564a495510b4c3231c6f4443d84,2b4609f8948be18874494203496bc318
77,961ca706a9f7e9d6a4ba81922cde9730,4fcb3d9a5f4871e8362dfedbdb02b064
78,de8e3d9562f8279bf243c39051edc9a5,b0961721fd839e9982420e807758a2a6
79,6a4198de80204cda3d91dc2abf851a5f,a8075470f960215ffb67624782f80fec
80,0c38fe229fa8230ce5a686e75d2f01d1,dbb67791e405873b259e4656bf971246
81,d814663559835dd0158956bb317ac977,167b4b8c4bd0c401bea62f5e050d70a4
82,ae52fa61f27bd494a25bc4c101fa29d0,7c1bd920dbdf22470b68bde975dd3ccf
83,5709900c6ded8af6dfb28b043943368d,5b226d7c52f86ac72457617f78cff95d
84,8b2b8cea5423ece6984632540c423aaf,aca2eb7d00ea1a7b8ebd4e68314663af
85,6a583f4c6790a4c8330beb7612e17f42,422879e10f46682990de24d770e7f83d
86,01835b7ef446c78d0c37077894aa068d,89321f94e35fc6d7903d36f74e351d40
87,2c7a802e0d32ce5642dd15228e54a475,3f14d740544f37ece8a9e7bc8349797e
88,a54b7205fec227b09d408fb0540b5ac5,8c591ab0ca519558779df02023177f44
89,4d1fe8b6f5e9ee044a14467c8b2832b6,3f14d740544f37ece8a9e7bc8349797e
90,e541da79e03f46ae13e6bad9d4b9ec08,e4ca5b20cfe1a020e15e36fe14e880ee
91,61d6e3e6f112347f587c586ae6819af0,99a4788cb24856965c36a24e339b6058
92,e301216623168d227eb0b0a3aabb1e62,36f60d45225e60c7da4558b070ce4b60
93,63df651d5e8adb6a0e4baeb66a0eea37,b1acb7e8152c90c9619897753a75c973
94,de8ce480b6119f2835ce8ad07c326793,25e2023ed83352bde98dc1490d14c3d8
95,a24b6a5a883426cbe71b43fd0a3d508a,368c6c730842d78016ad823897a372db
96,73619cff2fa9816a60c7599436aa2122,b532349fe46b38fbc7bb3914c1bdae07
97,522e244a96d13876c5bac4985a8d5075,e8316a4667e5870c85e906b1f062bde1
98,4a2323f83849ec7cb00a5663d064bfac,4b96786612ebe7463132fce2c4dca136
99,9eca552063680b7cd2ed0e8aea002b21,a62e25e09e05e6faf31d90c6ec1aa3d1
100,cc14ea7099959d91a17c9d7c3a46721d,a50acd33ba7a8da8e9db65094fa990a4
101,d38db8e13c1f15ddbf9fd302a4eaafaa,e5ae72c62ebfa708624f5029d609b160
102,d65921a138c59000aff343f8c991b896,3dd2a17168ec895c781a9191c1e95ad7
103,afd7854781ccdc3222b69421f9c7c6ee,386486367c1f9d4f587a8864ccb6902b
104,28a42ce270d16184b183a4a8f6abe13a,53759a2ecddad2bb87a079a1f1519f73
105,33aca86429de0f71ff7118b93bb09712,dca8cbb1c9d8a2db0fbc0c36b8d1a7bc
106,b44c3e3d672e8d4fa98b45abb3c38d66,3e5201fe0d1ba474d9b90152c83c706c
107,f984282dbc5ed83718ccdb6bebcb14bc,a62e25e09e05e6faf31d90c6ec1aa3d1
108,b259b009b425d402eb2160a3a614d3be,634256dbcd184b3757ffd7632c9fe52a
109,44bd7571a7dad968306f7776bd5a5745,dd0dcee76f9c12fff4bc0eb641d57c7f
110,4962136f755981b83b03f476e66eea7d,9ecadb84c81da840dbf3564378b586e9
111,d040aa4ef4eee97186650ee10600e77a,d692d19cee022f7acab76373f297ad6a
112,d471f73a3e7cb6b6ea5d5c33b32f9ae6,b532349fe46b38fbc7bb3914c1bdae07
113,9299b9e27e97571a5ddc3725b9186536,0d85c435fd60b277ffb9e9b0f88f927a
114,2f2ab1b5055acca714e38c613a4f2763,b532349fe46b38fbc7bb3914c1bdae07
115,dee6a650840de087ac42c4367bc9baf3,7814c273ab16783d73a9863ebfa8b141
116,5322efc4ed651ee4f92b9e07d4af5eaf,84f456958365164420cfc80fbe4c7fab
117,e8cb0c78d44d572d96674d666f082fed,d5991653e037ccb7af6ed7d94246b249
118,a3c22bbd3ae5d6200ac82078b67eec2a,5403528d987ad26e8d7cb25940411987
119,0e4d012fac3d20c033e0284fb6d2ea6a,368c6c730842d78016ad823897a372db
120,62b1b62058c7572c90f08ec692ff0533,a62e25e09e05e6faf31d90c6ec1aa3d1
121,4b718d5b525e3ae0e042551d852b2620,99a4788cb24856965c36a24e339b6058
122,b7b162291adff744d6f3c6450557ffee,0bbdc963004d9b2fd3427ee3c5ae3608
123,772bdafb1ee681bec8d3cccb0a900b8d,a19b6951c75da43aad691622dd2f6abe
124,95525127999a756443df590cc5aabe88,928e52a9ad53a294fdcc91bcf59d1751
125,d132520e4b555a0f8851914fc3809fb8,c0704b7b41d23540e8576c5e84484dcb
126,611c18dd76fb447356b1266351055370,0d85c435fd60b277ffb9e9b0f88f927a
127,4bc84c92722f0c26ae39e49e716b0691,bd6e6fce9ada76ea2db0f1912e8e478f
128,03cccac05d316dc60827fa7abedd608e,99a4788cb24856965c36a24e339b6058
129,0dc81b520ef7db9cb44bb075e129dcf8,3eef0cb94ba82de806bb30ab743c7655
130,6edeeed37ddd3dee7559f358b023ef9b,8b50a72d52d7a91fb19d19fbe069e2f2
131,8689b3e15d4b16cfd05ecf597a523453,c211ff3068fcd2f8898192976d8b3a32
132,fea74e188b7ba8b49cee6e279c64c91f,1bfb290d7273a442c874dbe74b4abae6
133,0e41cb208c56f9566d7d1046bb20e655,c20a3f598c16d77249da67e81caa8317
134,a89b1f67d270ffb3c1783a696d90d5e3,909b87db6cb3a7ab26bd03cc59860136
135,2ae691bb52b8c745d507855682a2b98b,eb8c629f70275fd1c4f809116cce1efc
136,6681ad9a826614b39ecc67e175aa2575,5a6e53c3b4e8684b13388d6aa4afdf12
137,c3250286ba5655a8d4a12ded47a5348a,a62e25e09e05e6faf31d90c6ec1aa3d1
138,01bbbfc56b8ec1052e46f260226e34f9,3eef0cb94ba82de806bb30ab743c7655
139,8c4f1ee04e97bc9c43c73916cbb78479,928e52a9ad53a294fdcc91bcf59d1751
140,636443768344855307bfe5f2f2f6ba2e,ef66e63137bdd1b2e44aa968646fc1e3
141,60863e9f13562f664b73e6f76ff85910,2136c70bbe723d338fab53da3c03e6dc
142,bc877a9f97bb3f3d4fcd5f86028f81a9,cadb69af336c16aba5c5223599821245
143,1f13a9716fb2039f8df0a0dfd8bac2f8,b532349fe46b38fbc7bb3914c1bdae07
144,f377461b37160ea383bbb3535714ba31,703d742887bb9267f89b675608ba7aa0
145,1803287d1e7138aec6ea9d3c963ed87d,2b4609f8948be18874494203496bc318
146,9f3495fec7de50e7f0e31d3f1ed3c526,634256dbcd184b3757ffd7632c9fe52a
147,c85df1c6ef6f7bb605e1c49d34f172ee,368c6c730842d78016ad823897a372db
148,9832ae2f7d3e5fa4c7a1a06e9551bc61,461f43be3bdf8844e65b62d9ac2c7a5a
149,e427964e6f0dfbba41df5433279b4b66,4cd6ba4ea3112de8fc238307c4dc6307
150,b507103bd81e5d0dc3e6c3d50a732f36,25f86162fee18735fffdb762dcb10d7c
151,5b3b19201bb81179198a9ce0d26ae56f,1613b819ab5dae53aead2dbb4ebdb378
152,2010e127a34623e7e0b0728f43264e89,8c591ab0ca519558779df02023177f44
153,96681aa4276748a9133ab6c0cb7f2111,719d571299707561c34ba04ab867b32a
154,dace0e70f9cc4498566fce71f5b1f3c9,437c05a395e9e47f9762e677a7068ce7
155,ea878b525d175476e7cf516a08e355c2,aca2eb7d00ea1a7b8ebd4e68314663af
156,48f66f674fd74202b598a7f3b883bc8e,583f158587cdecda3e8bdea694021e39
157,a8953e3d7677addada63eee79b91e7ff,36f60d45225e60c7da4558b070ce4b60
158,9832ae2f7d3e5fa4c7a1a06e9551bc61,53b36df67ebb7c41585e8d54d6772e08
159,de710dc3e3ff1f28149f1ae6f234ed3f,b623b7cb05ee3248fbe4a6ecbeed79a4
160,1412559410af5e92c35e053fd6acd006,3f14d740544f37ece8a9e7bc8349797e
161,eb21f863a49a0d183c4fe97fb5e6b48e,9ecadb84c81da840dbf3564378b586e9
162,d75a854dd5534f42bfac3299ac2d0b33,21fb5057dd6a737df6851a7ab7a130da
163,5e33331e26d0a4e1f3fe84b3f9c5549b,372645c7439f9661fbbacfd129aa92ec
164,62204ea371bf14716930a74c996332a8,5b226d7c52f86ac72457617f78cff95d
165,ae20947231d4d44dde1680a7ab14d90a,bdb4be6ce2f7f2b5be0a16088028c7fc
166,b41aa8ddca9511e49da1d571e7cf52fd,363218ba55c610b750224f90bdd34be1
167,fcb69b41524cb045cc6962a343bce5dd,99a4788cb24856965c36a24e339b6058
168,4cba4382020c8e217faee72173ecb0fc,f4d705aa95ccca448e5b0deb6e5290ba
169,d92e065f815b20aa0535f71f00efb6a9,368c6c730842d78016ad823897a372db
170,4b6c3905e97f49de20df3a286b423f54,0152f69b6cf919bcdaf117aa8c43e5a2
171,66996378f67378346454530b8affe13d,dd0dcee76f9c12fff4bc0eb641d57c7f
172,94183723d784d37f33a1f6dd09ac7567,9ecadb84c81da840dbf3564378b586e9
173,e669d4a77d078eb9e1f0e2e0d8faf814,ecbe1ef7e2903ff8b1d704ba78fa264d
174,de7cad0a39eabfa2285ef0b891ef404a,2083a6feb4bbb31f6abc92fc24e468c0
175,86cc04e5bc655593599274e0dd520aa4,a62e25e09e05e6faf31d90c6ec1aa3d1
176,98e3117841a2431959d17808f04bf23c,aca2eb7d00ea1a7b8ebd4e68314663af
177,bbfbf00ca35317821c1d773e7509c4d1,368c6c730842d78016ad823897a372db
178,5827a5de2baaea8fc423b608e06e1fb9,11dcc970f7a5581e1bf777b6da3f7096
179,c634065713003ca1f4724a0d7e0a050e,4914f8796af2ecd359fd8f44b9b92339
180,fa0cf5b25732a933725b83d2f716000a,7c1bd920dbdf22470b68bde975dd3ccf
181,9aa77033cbc28074b161f96cbda9b7c4,a6ad77b15e566298a4e8ee2011ab1255
182,6419a1be8feac26ec793667b71cbaeb4,d5991653e037ccb7af6ed7d94246b249
183,4c4584a82633ac90e58fe2d141d7433e,634256dbcd184b3757ffd7632c9fe52a
184,a0abd26659c9914690cbd3320d39fd96,65266b2da20d04dbe00c5c2d3bb7859e
185,60863e9f13562f664b73e6f76ff85910,06edb72f1e0c64b14c5b79353f7abea3
186,cfa9a212b3e5986d1b03abe4c2acff4b,16679d68bdbed3fb97af806424d7f2b7
187,b7a2031a9c81771331eca9f0f8213ee0,4b703444923b5e57bb73ba343f5ebab7
188,6469f99c1f9dfae7733b25662e7f1782,c211ff3068fcd2f8898192976d8b3a32
189,96b482d81d31251add90a9fe63fbbcec,422879e10f46682990de24d770e7f83d
190,3ec83b54e0afb70def9480cd6b9097f7,b114bf337c0626166abe574eee9e3f32
191,d86bd19d5f63decf0f8146854d1c7778,9f1c3e71d56894398a42b050b07f1baa
192,b08b68bac767c3269e827f822d308182,727a46f0b58a9ef165af9f7ebcfebfa9
193,af0e8073c41a35f102f00bc95792d93a,b0961721fd839e9982420e807758a2a6
194,2be19a95604735d51ea36cd450573abc,a19b6951c75da43aad691622dd2f6abe
195,7e2cae9835e2f62496f365cad21a0128,130482add9fd75ccb6c57ba007694a2d
196,fa60093243e88c0cd6296dba1b0054e6,362b773250263786dd58670d2df42c3b
197,1412559410af5e92c35e053fd6acd006,36f60d45225e60c7da4558b070ce4b60
198,d792207a143bca423ba1685b30e34557,e53e557d5a159f5aa2c5e995dfdf244b
199,9db8efc345bb3ff630987b7832217621,afeeea6271148ee1bb15173b8187c431
200,935b9c5a3162185f88dac06d8d08d623,e0d64dcfaa3b6db5c54ca298ae101d05
201,89b765801f4e0aed646a9814b76d22ef,c7fd13b5e515bffdab855d0812842edb
202,8db503a1bf385e8417119e2c3ad17e97,9ecadb84c81da840dbf3564378b586e9
203,3884effb73a5df3aa3d6c4b458e55dbd,62d8daeee0db3a60c234c2d1bfd10651
204,38f82c33d5fe14b9e9d2122aef0f7e12,a19b6951c75da43aad691622dd2f6abe
205,ad96c893319ca7c9235194c71c936464,054515fd15bc1a2029f10de97ffa9120
206,0f187f58097c5431d5244e1fe1383884,d2f5484cbffe4ca766301b21ab9246dd
207,5b3b19201bb81179198a9ce0d26ae56f,3cb39171fd36c50097f2dedbbe0dfe6e
208,11d324484eaf9aeec19043bba2afd001,569ffd16f8032478cbeb9800f2e94ba0
209,d8f8afc9b9992b49ab2e12ad9f1a9e5b,53759a2ecddad2bb87a079a1f1519f73
210,88ecb91d6d5e47ebdc2129cd046b0935,35afc973633aaeb6b877ff57b2793310
211,938f430a30c511a883c71999f6d01dcc,422879e10f46682990de24d770e7f83d
212,a017de101a9c4fab4995c1bc81e737ea,422879e10f46682990de24d770e7f83d
213,0064a1b5f5cddd047c987b988a90c8c1,368c6c730842d78016ad823897a372db
214,95fff4a89f72c360c56ffb33713bebb9,aca2eb7d00ea1a7b8ebd4e68314663af
215,910f0afb84bc778e856d3683c7e8a46a,bb50f2e236e5eea0100680137654686c
216,a029899dd8534557a81c369475ff80c8,422879e10f46682990de24d770e7f83d
217,25d0c258ec48d01a49f900159b925fe6,368c6c730842d78016ad823897a372db
218,38a5663d9f47ad993d751656ddfdfc3f,431d674f9a4fbd0957ecf6ba3fcb6899
219,32728a6d38195cb71a33f9221dbc3037,89b121bee266dcd25688a1ba72eefb61
220,3d2d09fe310f1b703931eea340fd67b6,10717ff440b2320081989126e858b220
221,01e123d7c7cedf12af483fc17258b9ce,b192be433004cc1f10b467c0e9ea309b
222,31d1ec8fb80004b9a556acace88a9468,b114bf337c0626166abe574eee9e3f32
223,60a1e88691ef46c62b52fb2b994d7675,595fac2a385ac33a80bd5114aec74eb8
224,f6d3570a6defa3ebd67df54f01a9b176,2b7aa376a6e728560bddb5558cc48e89
225,73bba9ed29bc0a8863652807643ea724,c20a3f598c16d77249da67e81caa8317
226,a8d117a7922a4e2b8791ef94c9990d6f,0152f69b6cf919bcdaf117aa8c43e5a2
227,0ffa25f95f44a01acfd9fa22da91cecd,53759a2ecddad2bb87a079a1f1519f73
228,2aa8fc021c68c7c1e1698d29faf24820,389d119b48cf3043d311335e499d9c6b
229,e912e2e0f4b9f6bf101238a5f4ece57b,b532349fe46b38fbc7bb3914c1bdae07
230,9a2344afe2d1a43559906bd456567a9b,3f14d740544f37ece8a9e7bc8349797e
231,6d394722d5fc5e721aee6875a218d8db,6dde44b4172999f35f08654d06bad633
232,709358f437f82bfe6908cfb761d1a456,b532349fe46b38fbc7bb3914c1bdae07
233,6197167907273be5ee2c7ab59d4ec8e1,9ad75bd7267e5c724cb42c71ac56ca72
234,7699251a3d88d4fc6b9480bdef4856c5,474bb6b54fc608ca71059a6c4f7ecda3
235,7973a6ba9c81ecaeb3d628c33c7c7c48,154e7e31ebfa092203795c972e5804a6
236,bc877a9f97bb3f3d4fcd5f86028f81a9,a8fe47ad6f852f93cc92c7b408687de3
237,2666aeacca810e1dc86fcf9619f56a72,eb8c629f70275fd1c4f809116cce1efc
238,b7114d94711361017988dddfb611ea0f,b532349fe46b38fbc7bb3914c1bdae07
239,e2492e4188991b6276a4a62a287a5451,a62e25e09e05e6faf31d90c6ec1aa3d1
240,01626676a41ff29901f7b42bc8e09dd8,87a71ae93900ab55fcf685c8040769b3
241,71df425cb9aec3337bc969df451d663a,fe6a9515d655fa7936b8a7c841039f34
242,6f0121b5eb1d59e51ffef8e106ae40ad,2028bf1b01cafb2d2b1901fca4083222
243,dc75b21faa83875157ade3ef98dfadc5,99a4788cb24856965c36a24e339b6058
244,2d10ba74e58f46cf7e01fd715430f89c,6a23ae3187f1dac41b7210a8c7739d6b
245,ba06852aa0cfbaf3e534272d2be15a96,e5eadf9be70a4a9fa514019542fc330a
246,b463aa86422087e97281b2787590fb0d,dbb67791e405873b259e4656bf971246
247,408a225630a7b19b4cdaefb4a03f84d9,c92f0e7b9d49a9543558d6532772441b
248,211aaecea827d378c879c2b2f667c89d,ee0c1cf2fbeae95205b4aa506f1469f0
249,d4336c36fbe83d4668606c4361932e1d,3eef0cb94ba82de806bb30ab743c7655
250,ef64a53bcd0bdebae1d80e977ce62988,53759a2ecddad2bb87a079a1f1519f73
251,620ad450a89bab5e7ec65b56a4e43404,0bb7cb61f1957f79dac582ab66ccdc1f
252,748ff039820a309f68d0ca5d57ba60b7,b532349fe46b38fbc7bb3914c1bdae07
253,07f765655f560c8624267665ce23675a,4aa6014eceb682077f9dc4bffebc05b0
254,149c19901ddcd1057deaabc003004a12,9b9d1c4bd979b93c138044e032f99780
255,33aca86429de0f71ff7118b93bb09712,dca8cbb1c9d8a2db0fbc0c36b8d1a7bc
256,cdb5cfd897eae464933d6fbd24354fbf,781afe929e3016a667f5f439afd55fce
257,f2e0c95f9c0e971bb561b11ecf5a95d3,d678178aa4291cd25a755a90188375c8
258,4fcf56f1cf3d583a0cec41f7f523a852,4fcb3d9a5f4871e8362dfedbdb02b064
259,7a8afce0fdb6cd5e748818e19f1e223a,53759a2ecddad2bb87a079a1f1519f73
260,1ba713c8258f756279a049018ce01177,d696750e550fd0f733979dd7e5dff921
261,a59fb29abf279cac3c8777a5e7d3da24,574597aaf385996112490308e37399ce
262,4b9cb72fe60bca55b0b86f51577096ed,810e2944bca9850b934e1570ba372e7d
263,d2ba241618c8d279f887476b41705adb,3f14d740544f37ece8a9e7bc8349797e
264,6204c4e582a95b6a350adf6988623bfb,fb7a100ec8c7b34f60cec22b1a9a10e0
265,636443768344855307bfe5f2f2f6ba2e,2ff995aead9c63a1f37a07b3664ead37
266,b95153385c33bb840b160a514e38f71b,79366d6a24de9351b7ca6e3cf75a68ec
267,266bd072600e898f80a34d654c51a643,30ac6df06dc59ad72cf2f158fc2d904c
268,6856178ce177496369e3a83fd143e621,75d6b6963340c6063f7f4cfcccfe6a30
269,df946ef265626b1e0a425292815ddead,2b4609f8948be18874494203496bc318
270,6d0d4fc6d3394afe566b5672bd7d4863,a62e25e09e05e6faf31d90c6ec1aa3d1
271,852f3bf903feef0c6136630363c64646,4298b7e67dc399c200662b569563a2b2
272,c4c14d1734ff3c369881745dd0e96159,0502d1a36be75bd36b452f31c6ed264a
273,1f54f304e60b0d852e6cb92d5a727408,06edb72f1e0c64b14c5b79353f7abea3
274,99231dacdb098a3e1feb77c042118457,06edb72f1e0c64b14c5b79353f7abea3
275,3c97e5f77160f6deda2b96babe6d7b0d,89321f94e35fc6d7903d36f74e351d40
276,71df425cb9aec3337bc969df451d663a,fe6a9515d655fa7936b8a7c841039f34
277,f2f5927dde43e342dc5b5bb8bb5c0f95,a19b6951c75da43aad691622dd2f6abe
278,19907f11bb921f810c74da2d118ac218,d3c044bd42d84a79e3b0c42662806a48
279,4e32c2752aeaa8d8b99da2b145a1c826,36f60d45225e60c7da4558b070ce4b60
280,4d6365e0380d725248a1a2aa490d7f0b,368c6c730842d78016ad823897a372db
281,0dc81b520ef7db9cb44bb075e129dcf8,b114bf337c0626166abe574eee9e3f32
282,ac76983f510db2b3b56267fa6d399773,c50ca07e9e4db9ea5011f06802c0aea0
283,903e244773d10d2ef9cba4a679253ae4,962a6951154f98f2c8e9a5b8b2bcf4a9
284,ce740f5e5b31263575797c91a7f7c15d,91b08d34d0ba4db44da2dc382867ba49
285,e863397ca773c34a6c8d75017b5557ec,bee2e070c39f3dd2f6883a17a5f0da45
286,aecfcfbdbed5deaea72b8f500f5bd071,c7b3cf9de7be95b3e09e7a63315685eb
287,fe52c2abb172426dd6416cc69e6b3689,99a4788cb24856965c36a24e339b6058
288,d7a7fcfd963d57dbb3063730285c5d95,51f876eb62be778c757503cf7f8a3b74
289,e006465f57411753eac280a63c078c2c,99a4788cb24856965c36a24e339b6058
290,f4385a17e1f99f33340a9c51a0e042f3,909b87db6cb3a7ab26bd03cc59860136
291,a8682c0f1c575484ebae6e5e962f6965,d63c1011f49d98b976c352955b1c4bea
292,24fb2954f8c6cdb4b900ed8db6dc88e2,e7d26dd6742baca292020c158e6720c3
293,2fdf390d4775f384c242cc7360a989fc,727a46f0b58a9ef165af9f7ebcfebfa9
294,fd3a13c97274ff36f612acbb8e7a899d,aca2eb7d00ea1a7b8ebd4e68314663af
295,1985ee4e25eee7fc657c6052e733c3d3,a9516a079e37a9c9c36b9b78b10169e8
296,5709900c6ded8af6dfb28b043943368d,2b0ee2d07306f7c9ac55a43166e9bb4b
297,8cec0fae588fbd27984abcec9ba0bea6,1bfb290d7273a442c874dbe74b4abae6
298,0d57344e9e4e9d16dc699cb417e50cb0,a5341e3f8155dbb3e62323d3ea289729
299,86bfc49565a9ca52fcbf861fcc1e67a4,d2085f7e0f9533605386960fc7e987ec
300,25f24493ded5ebebc26a69b5db344e35,2b4609f8948be18874494203496bc318
301,a7dfc40ee174c0d398cc15d3bffbce71,9ecadb84c81da840dbf3564378b586e9
302,64e776171d437b65921fc68d8ee4501e,d5991653e037ccb7af6ed7d94246b249
303,6204c4e582a95b6a350adf6988623bfb,fb7a100ec8c7b34f60cec22b1a9a10e0
304,0cad1c6c08ef74b3ae7818514c158258,6cc44821f36f3156c782da72dd634e47
305,d60a2f23557ba7c63bd1be0c3a9df384,53b36df67ebb7c41585e8d54d6772e08
306,6223bdc5aab952ee49dea3511f89e7ec,a62e25e09e05e6faf31d90c6ec1aa3d1
307,38244f285d64696e19b5d2ff854a3ea3,16679d68bdbed3fb97af806424d7f2b7
308,e3b360582401d81ec673203e2a3a3f52,35ebf08a93899d44e756809e11b14754
309,9ede21088a7d7e1d9e32c210cc88268a,a19b6951c75da43aad691622dd2f6abe
310,5ebd246be48ec18bf3859966284333f8,36f60d45225e60c7da4558b070ce4b60
311,31e412b9fb766b6794724ed17a41dfa6,422879e10f46682990de24d770e7f83d
312,8eea32e5fa9d1d7ff95e40062060680e,827c4a77226a3e7ef259d61eaa775df9
313,6469f99c1f9dfae7733b25662e7f1782,c211ff3068fcd2f8898192976d8b3a32
314,d65921a138c59000aff343f8c991b896,c4baedd846ed09b85f78a781b522f126
315,58f8465c4ee7d392af213008278698a3,f646af315b0f3a597f69213537ca2199
316,eed42da7ee2f3ce26ab52758e63d855f,154e7e31ebfa092203795c972e5804a6
317,5a494c648fde2d1ec4eb614274ea7159,acc444eb5ad26f79d5a11baa6a03c439
318,2708339a3f5355f56983737d54fbce59,36f60d45225e60c7da4558b070ce4b60
319,289410555e77b17958f6c008359eb524,368c6c730842d78016ad823897a372db
320,37f2527bb624e379f72a742154fdb762,b532349fe46b38fbc7bb3914c1bdae07
321,2647f46ede7b96049fb3405f1f5ae263,42a2c92a0979a949ca4ea89ec5c7b934
322,d08c29302907086e8fe823369542f3ae,a59fb60fddcc72a9878b7ed5cb69d8e4
323,9cbd11daac8f21468a69219da8eeed76,368c6c730842d78016ad823897a372db
324,fc5bb01ca8c286960484914ced6e7616,ef66e63137bdd1b2e44aa968646fc1e3
325,bdb2114573d1e00a29b0e01a67441cb5,44a34214a57dc373dcd80f54c919d006
326,3d5ff67987bbd3820ca1cf5e7a468131,b0961721fd839e9982420e807758a2a6
327,4644f1b187e390a08b4c66fb16c91364,962a6951154f98f2c8e9a5b8b2bcf4a9
328,3cd3127e3533fe632e21af1862a51c7b,d2085f7e0f9533605386960fc7e987ec
329,a2c92455267209d757527eb248fff32c,eb8c629f70275fd1c4f809116cce1efc
330,3e5dd5efb71f831fffee3735c9e41e87,e53e557d5a159f5aa2c5e995dfdf244b
331,3a6c53390e92fe5289fdbc6ef6f07d3f,b532349fe46b38fbc7bb3914c1bdae07
332,0f10d99ee99ca3d0489f2f2169b41ec3,36f60d45225e60c7da4558b070ce4b60
333,6419a1be8feac26ec793667b71cbaeb4,d5991653e037ccb7af6ed7d94246b249
334,5277f2c18bae9ff7f93aa8118ace6e03,7c1bd920dbdf22470b68bde975dd3ccf
335,ca505f00e361296c5d92e01d245671e6,422879e10f46682990de24d770e7f83d
336,8dc10e9acb420db970e64b4c99cba7ec,36f60d45225e60c7da4558b070ce4b60
337,db7ecd3849859458fdd70064fb9afa9a,93c902b021a9e594f658ab1b0351602a
338,3c7a1b8817ce0f7814a53f3fc779bc19,67bd616e1ba0d3d3e8545f3113b0140d
339,dee6a650840de087ac42c4367bc9baf3,9ecadb84c81da840dbf3564378b586e9
340,f63a0f959d85c7a60d96968bd9e47fe2,8c591ab0ca519558779df02023177f44
341,5cbfdb85ec130898108b32c50d619c39,53759a2ecddad2bb87a079a1f1519f73
342,4e2fac6a060c99fe262ee10ee56600ce,e8316a4667e5870c85e906b1f062bde1
343,19a16d1ed9ac39eacc3f8ba2aad13898,368c6c730842d78016ad823897a372db
344,43d8583b06491695df9872fa1ef418af,b0961721fd839e9982420e807758a2a6
345,e11a1b428e150830944b665cb6b2d5da,8c591ab0ca519558779df02023177f44
346,4e47cf274a97fd7db20e9a5d7e218343,63de2743d05ab59d85caa49e49459ac1
347,6469f99c1f9dfae7733b25662e7f1782,8a443635fdf9759915c9be5be2e3b862
348,66aa0f6e950a209ac9fa8c6d313370b8,593236d0ff46b4299b4787fb8d43f7f0
349,0fa3e5721cad691b9594fb89f9805a68,dbb67791e405873b259e4656bf971246
350,a0ef77ac3d3662b055dc12b045da37ed,f7a17d2c51d9df89a4f1711c4ac17f33
351,fa0cf5b25732a933725b83d2f716000a,b1acb7e8152c90c9619897753a75c973
352,d0ed9308bbe21930c658ae7a063d040e,a62e25e09e05e6faf31d90c6ec1aa3d1
353,24bc45b93041e78e892e0f0fd92104d4,43423cdffde7fda63d0414ed38c11a73
354,371fefdc755a3deaa9c557e2266e123d,e03102efbc2229024c89be731f0aedcb
355,fe81bb32c243a86b2f86fbf053fe6140,e2bb00220a167d9e60b6776ac33717bc
356,6a64e2cf94a5779760698c1e25a2852a,b1acb7e8152c90c9619897753a75c973
357,fc8039a2b1963ca28dffe5dc886fa5c3,f4f67ccaece962d013a4e1d7dc3a61f7
358,230b7f6050862e4d39911debaa3088ef,363218ba55c610b750224f90bdd34be1
359,fd8abe602ce8ebd7a043782261cb6cda,017692475c1c954ff597feda05131d73
360,ad0adff48be9c5f67cb35fd0895b42e7,c7fd13b5e515bffdab855d0812842edb
361,15ccb6cfc415dd700bbacb94559a1643,4b703444923b5e57bb73ba343f5ebab7
362,cc7e519bf9f1413de89ef37a8bee1a6a,2ffdf10e724b958c0f7ea69e97d32f64
363,39b9889bd17bc241ade364ee15bbe74c,422879e10f46682990de24d770e7f83d
364,7dd4e8dc5ce5ee85eb05634a38402b6c,a6ad77b15e566298a4e8ee2011ab1255
365,1c3a2bab6b3e18d65aa3923e2ec7b5db,368c6c730842d78016ad823897a372db
366,d3bbebdc135a43b1055c64b99fca7e53,569ffd16f8032478cbeb9800f2e94ba0
367,69e24da4c221777554eb9b421b4d5fb0,75d6b6963340c6063f7f4cfcccfe6a30
368,8d26c82c2086dcacc175e2ffe6ee2f28,0a4093a4af429dc0a9334300e5c13ae5
369,aff705c3ace68add62b1d0233f4e31c7,8562e2c780a345b609e1b802d7e3e4ae
370,9369cfd30d5a013b10431d0d644cb47a,1bfb290d7273a442c874dbe74b4abae6
371,c9f633ba06746056943f5e6d4bf1f1cd,422879e10f46682990de24d770e7f83d
372,460cd758614a0be9739d2f8d9bc1494d,422879e10f46682990de24d770e7f83d
373,b9665ce6b69c18fd936289caba833265,9545d45c37449ccbc376de3a04c66e71
374,8e8b93eb17dd51b9b77e72eedb03dd32,368c6c730842d78016ad823897a372db
375,5ebd246be48ec18bf3859966284333f8,3f14d740544f37ece8a9e7bc8349797e
376,0a9e39dc75ece72d341303c35f37062a,437c05a395e9e47f9762e677a7068ce7
377,d221aa4a83c4a82b0c28e332645d794e,bee2e070c39f3dd2f6883a17a5f0da45
378,a0bc4b8c7a1056c815ac7a2ed38186bb,10717ff440b2320081989126e858b220
379,22daa0fcc20de39e50c5dfc10c0c953b,656e0eca68dcecf6a31b8ececfabe3e8
380,9f227c6fa314eba38c6481b38736ba75,186fe07c8b8005ec6a498587ffbc1352
381,51d8d985d769925b981b4a34ddf6dfc6,8c292ca193d326152e335d77176746f0
382,a0abd26659c9914690cbd3320d39fd96,cd48f265a63e13b762601f5f794c5fca
383,c434d58759026b0620ae7f5b73ee7125,aca2eb7d00ea1a7b8ebd4e68314663af
384,94bfb520c0cb6ffd9f36aa7b75f0efe1,d5991653e037ccb7af6ed7d94246b249
385,cd7fabbed6374d8d014eed4b87bfa9f5,389d119b48cf3043d311335e499d9c6b
386,fe7b84f9e65da4d5243143d28509c3a8,b623b7cb05ee3248fbe4a6ecbeed79a4
387,4ea07e24e59ceae33aeb18024919b4d8,368c6c730842d78016ad823897a372db
388,2708339a3f5355f56983737d54fbce59,e53e557d5a159f5aa2c5e995dfdf244b
389,a86f29fdc92c603fdd3d4f530230644a,4cd6ba4ea3112de8fc238307c4dc6307
390,3ea35d016eb96bbfede151b359b8da8e,a50acd33ba7a8da8e9db65094fa990a4
391,a3c22bbd3ae5d6200ac82078b67eec2a,c3ba4e8d3cb30049213b682e751e9d00
392,1b231a7d116418a1a0becd7b0a9a6e28,362b773250263786dd58670d2df42c3b
393,0361e980b28826f4d286ac144d9b319a,810e2944bca9850b934e1570ba372e7d
394,c65c00821ee53529813242267de045dd,c6336fa91fbd87c359e44f5dca5a90ed
395,8ee3e85626163dbc1c57d7c4bf819185,704ef63ad0ac345842ea734060a83db2
396,3b6f5d22fb32e6ac2fbbb944b18cf1bb,11875b30b49585209e608f40e8082e65
397,eed42da7ee2f3ce26ab52758e63d855f,2b4609f8948be18874494203496bc318
398,e8569c57efe3adf347b3e92ec04d1f91,7c1bd920dbdf22470b68bde975dd3ccf
399,a35e6ad969a4298593c504f69c03efb4,727a46f0b58a9ef165af9f7ebcfebfa9
400,b233915725d368ec61c224efb81ed915,422879e10f46682990de24d770e7f83d
401,139093b1c6e7e3108ac0469ce43bfb99,349ce46a0e2e20054aa9d80c48af8816
402,d75853773ed8f059ea0bec90ee874b64,437c05a395e9e47f9762e677a7068ce7
403,1772c0fbee58b154da028487de51b74c,a02d0123079f4ae96001ba2010d1a2df
404,39a25ffcc4f83a144eff541e56ef7988,b114bf337c0626166abe574eee9e3f32
405,190d1e49534d839d6db2880759d8e40f,d3c044bd42d84a79e3b0c42662806a48
406,230b7f6050862e4d39911debaa3088ef,363218ba55c610b750224f90bdd34be1
407,1eac9ce6105acb661b50aae419fc07ea,a237de12bdf0bfe4fe220bae65a89731
408,b98bd5ea1963622e6f76c3aa00869862,bee2e070c39f3dd2f6883a17a5f0da45
409,698dfdfff167464e3b853bf781150788,16679d68bdbed3fb97af806424d7f2b7
410,78c5f76b60a3a2588635aadc70e34df7,154e7e31ebfa092203795c972e5804a6
411,2b6aa183c14ace1bbfb595f840bc6c75,aca2eb7d00ea1a7b8ebd4e68314663af
412,fddc02ef7e4ac2472cdb8459c12ed4c3,569ffd16f8032478cbeb9800f2e94ba0
413,e53454696deadacfdbaffb91e29b1ca9,c4baedd846ed09b85f78a781b522f126
414,ea226acd5f8d27c57fadeb7068a95fee,c7b3cf9de7be95b3e09e7a63315685eb
415,25c50886903a247565974ff09a49bfa1,51ce083cd2b9078656a94655ab45b8a4
416,fc43075230d63f6ca93c8c0481aa269a,d6fe3b4ddecd4a8393c6a1385de3bfb6
417,850253971f619c52865c077be59aabf7,7340a3839a1de1e99d149b8cf052a2ec
418,3edcab192482e9871c17b34cf98c3996,595fac2a385ac33a80bd5114aec74eb8
419,c8460e4251689ba205045f3ea17884a1,e7cc48a9daff5436f63d3aad9426f28b
420,7a1596106b2eba9105f0ca6a5676ab33,216bb0e0cd43ffd832e0973d35e0377e
421,b64ebaf3d11b7209fe566364cc359a51,b1acb7e8152c90c9619897753a75c973
422,a78856b0e5b47a539274777a789acd6c,d1c427060a0f73f6b889a5c7c61f2ac4
423,cfd6e672acc0a396764b52e0a3f7fd4a,ef66e63137bdd1b2e44aa968646fc1e3
424,9832ae2f7d3e5fa4c7a1a06e9551bc61,53b36df67ebb7c41585e8d54d6772e08
425,9feb173c01e083d641d2a5ec10b304e5,389d119b48cf3043d311335e499d9c6b
426,4b293b0eba86e10fcecd40a7aac6608b,389d119b48cf3043d311335e499d9c6b
427,0fd475edfa0b61c59ecde6f89c21dedb,53759a2ecddad2bb87a079a1f1519f73
428,208a127c790f3aa6b6ae229acfae97da,422879e10f46682990de24d770e7f83d
429,2d09c3394311fd15314910fcab2477e8,a19b6951c75da43aad691622dd2f6abe
430,c4a5dbcdc7c33758cf5efff999c6203c,422879e10f46682990de24d770e7f83d
431,80eebb1b3aa9d15814f2cdee6cb584fe,656e0eca68dcecf6a31b8ececfabe3e8
432,c0536ee7a009264e0f1bf1c8f4c54ad3,167b4b8c4bd0c401bea62f5e050d70a4
433,df946ef265626b1e0a425292815ddead,e67307ff0f15ade43fcb6e670be7a74c
434,a35e6ad969a4298593c504f69c03efb4,727a46f0b58a9ef165af9f7ebcfebfa9
435,ba837dbab64e9c6bf9300e6f248fe1e8,a19b6951c75da43aad691622dd2f6abe
436,dc1ffd302d6ad854b190c4b9309c1283,b1d207586fca400a2370d50a9ba1da98
437,e4f19ad5354eee4f632f8e9920fa25cd,ba80c9f47a84d1e08465f72e22930c83
438,70755e5b9df5988f592f3dec6279f1be,154e7e31ebfa092203795c972e5804a6
439,5cb1f776aa2275775cd78dcee46d711c,a19b6951c75da43aad691622dd2f6abe
440,215e81304459427c1cc8a7390754a4c8,53759a2ecddad2bb87a079a1f1519f73
441,094b16a7db3cef4fbf754847600a2692,d678178aa4291cd25a755a90188375c8
442,f81d21d920dcc2483b1043a064f3a9bd,368c6c730842d78016ad823897a372db
443,b4d3ddb02f1da17da548fc42e2d7d8c6,51f876eb62be778c757503cf7f8a3b74
444,ef377d6dfc9ebad1f91cce05f8202cd7,a6ad77b15e566298a4e8ee2011ab1255
445,c4e1547a72a3ccc8fddc8df99fa53348,eb8c629f70275fd1c4f809116cce1efc
446,88c2b1254c3371e349240fb82cae6882,79366d6a24de9351b7ca6e3cf75a68ec
447,c0a71ee082bcc56696ca79b03a50fa7c,c403e106353e1aa40efe783ecb39ed7a
448,211aaecea827d378c879c2b2f667c89d,ee0c1cf2fbeae95205b4aa506f1469f0
449,e1564be61c08bb1dfaff4254af4e32d2,aca2eb7d00ea1a7b8ebd4e68314663af
450,373d3f34130410953210f0a3b76292d4,9ecadb84c81da840dbf3564378b586e9
451,b9fc2d4c90bdadc7052fabe8353084ed,75d6b6963340c6063f7f4cfcccfe6a30
452,e5eed5d0afc1ee8620468918995df9f6,c403e106353e1aa40efe783ecb39ed7a
453,c0fc2e3595c750de75d36e7db9399e83,f4f67ccaece962d013a4e1d7dc3a61f7
454,99da196553d9b67b1c762a712a8caaf6,223d34a3d9334039f5ff9511dc044bbb
455,928abb7e0e74f50a0b0136df20196cd1,362b773250263786dd58670d2df42c3b
456,0aff838d826afd9c11d8d35f114c0505,368c6c730842d78016ad823897a372db
457,51e3dfa2a1bdb412521b7ca870b8c38a,0bcc3eeca39e1064258aa1e932269894
458,1048bfc5f32f7cd7ac2b4f4e3cbc3e26,9bb8ca338e5588c361e34eae02e8fad6
459,5277f2c18bae9ff7f93aa8118ace6e03,154e7e31ebfa092203795c972e5804a6
460,927c8cf25e96b01a34298a890cbbe406,656e0eca68dcecf6a31b8ececfabe3e8
461,3c9ee8e3d67eb535effa8ee1852e8af4,eb8c629f70275fd1c4f809116cce1efc
462,acf44dfee8ef086ef411e130c9b7e23d,4298b7e67dc399c200662b569563a2b2
463,1b53b79fadf8ca4e24e013b575e7dfd6,89b121bee266dcd25688a1ba72eefb61
464,bb7a29428a71e286a02f1377d42d6a35,422879e10f46682990de24d770e7f83d
465,fdc4ce0f1854f89a62dc83a38c6a08db,ecbe1ef7e2903ff8b1d704ba78fa264d
466,5fbfdca262348db58bdfae6bb33b18d3,0e2d365a247d105fefc31b17ab8706d9
467,79296e3467d0afbe0e255170dbad2e21,a62e25e09e05e6faf31d90c6ec1aa3d1
468,6e6fdec52c6dbf58721bf7a4eaf5b679,7c1bd920dbdf22470b68bde975dd3ccf
469,dca189b14967f95ca5bce343f5cb1323,99a4788cb24856965c36a24e339b6058
470,f9242445fc633a8871f2a6c4a033c8bf,389d119b48cf3043d311335e499d9c6b
471,cc14ea7099959d91a17c9d7c3a46721d,a50acd33ba7a8da8e9db65094fa990a4
472,5bd86f8bd79bd3de2c99a5af1699b6a1,a9516a079e37a9c9c36b9b78b10169e8
473,5fe7677db087a1f3a4078a4fa15c7a56,928e52a9ad53a294fdcc91bcf59d1751
474,37f4340bf142d30c274f7bb3756a7b45,9ecadb84c81da840dbf3564378b586e9
475,688b3742e1811e97ff40b56440cd15f5,154e7e31ebfa092203795c972e5804a6
476,595e86ccb5e139b87f2585257597b82a,c7fd13b5e515bffdab855d0812842edb
477,c49760f3652f57abae1908ae0a452350,87d780fa7d2cf3710aa02dc4ca8db985
478,8e93e02a66a3c47d7f05494bcae389d0,32e18e89237933ebdaaebd78a27e7fa1
479,2afd8407e92dbb672561a38211ee563a,35afc973633aaeb6b877ff57b2793310
480,0f187f58097c5431d5244e1fe1383884,389d119b48cf3043d311335e499d9c6b
481,9cc5a07f169a1606fd347a56683e6ea6,9bb8ca338e5588c361e34eae02e8fad6
482,0d57344e9e4e9d16dc699cb417e50cb0,aca2eb7d00ea1a7b8ebd4e68314663af
483,7e4ecd0fe41e1c98597eaedf447e2347,d3c044bd42d84a79e3b0c42662806a48
484,25b26761ba75a1472ff2c36d3b17b5b8,b532349fe46b38fbc7bb3914c1bdae07
485,1a75fd349131568b7063e35ba91efc66,b532349fe46b38fbc7bb3914c1bdae07
486,a97cda02d5dbe045a5ea11d1fe56b2c1,b532349fe46b38fbc7bb3914c1bdae07
487,a00e0a3b162f9b407172ffd674477ce7,53759a2ecddad2bb87a079a1f1519f73
488,94aea9aae532453c72b6afbfe0eaec10,e53e557d5a159f5aa2c5e995dfdf244b
489,2ae2f7c75a0d113879759e55a02a0d2a,63de2743d05ab59d85caa49e49459ac1
490,0ef7b906320b21fe4d39f99496aaa2d8,4fe644d766c7566dbc46fb851363cb3b
491,804f67315cabb9737efa7e3a046f4fd1,362b773250263786dd58670d2df42c3b
492,c8460e4251689ba205045f3ea17884a1,e7cc48a9daff5436f63d3aad9426f28b
493,f39c3ad6a39afe38f5e885d72d772f0e,389d119b48cf3043d311335e499d9c6b
494,1bc971bb9063045e77e998c939cc394e,569ffd16f8032478cbeb9800f2e94ba0
495,b1449986ee6516d3797d782b01c36e80,acc444eb5ad26f79d5a11baa6a03c439
496,3d54e4ff73894ca933fce16491b6af27,362b773250263786dd58670d2df42c3b
497,86187e13a3420bf45ceeddbfc7843113,3eef0cb94ba82de806bb30ab743c7655
498,ad60ba535e4fa2b72c924290d6337913,422879e10f46682990de24d770e7f83d
499,271d3cdd872021b1b6669ad93e8b856b,22c5ddc22ea8cae84fc9917def682dc6
500,5af895ee7ff98368a5bf6faeddd18cec,422879e10f46682990de24d770e7f83d
501,583b12b8cc4cdaa757b8b0dbf8a8b32a,72d3bf1d3a790f8874096fcf860e3eff
502,f2e0c95f9c0e971bb561b11ecf5a95d3,53759a2ecddad2bb87a079a1f1519f73
503,d277892816aee9101b17cecd451657b0,9ecadb84c81da840dbf3564378b586e9
504,f5c261c3a905116efbb15c5818671e2b,7d854ab97c64ef9df2bbfaf332765786
505,d3ab6a0f035b6b09b9862540148ba972,b532349fe46b38fbc7bb3914c1bdae07
506,e396f66f0b2bf19462384b6b1ed1ee76,e53e557d5a159f5aa2c5e995dfdf244b
507,c7143a9592032729e880d38d25c39125,389d119b48cf3043d311335e499d9c6b
508,f4af0b3f627879bf6801db96949b1e71,952670bc019a73f0933157ec82ff6e4f
509,a485ec1e4c7e21e22184f44ebddd64a4,c7fd13b5e515bffdab855d0812842edb
510,f59c257b4e1c07eaba8ac8b150f6a62b,0152f69b6cf919bcdaf117aa8c43e5a2
511,51918bf7fe5503914943adb1960b9bf2,2083a6feb4bbb31f6abc92fc24e468c0
512,b640ce9e719a58e56efeb4ac754cc11d,e7cc48a9daff5436f63d3aad9426f28b
513,b2b114ecefe93aa93d0f2bdd14ac8f84,f4f67ccaece962d013a4e1d7dc3a61f7
514,cbc532e386016d35f07649a505964e7e,a92930c327948861c015c919a0bcb4a8
515,a1ea1fc5e949123cdb66dee30ebdbce4,054515fd15bc1a2029f10de97ffa9120
516,a10fe3c477989c968aa284bd448b1d5b,f71973c922ccaab05514a36a8bc741b8
517,89468b8994a62cb344e62ab6981a6451,9ad75bd7267e5c724cb42c71ac56ca72
518,3572efa7933c2e02d4c7024db6052b56,aca2eb7d00ea1a7b8ebd4e68314663af
519,d18125b8c0fcffd0da676d56fb581bee,53b36df67ebb7c41585e8d54d6772e08
520,a63c88e3bd0344de106461ab8a3c3f03,389d119b48cf3043d311335e499d9c6b
521,355ae139c8a163fb77c065a2d1403ed9,c92f0e7b9d49a9543558d6532772441b
522,06171ada9d20ee81d698c39fddf04264,d2f5484cbffe4ca766301b21ab9246dd
523,8505734f21396405b5477c75a45734fe,e0cf79767c5b016251fe139915c59a26
524,084d29b95577d79bd5ce9019727daa66,b0961721fd839e9982420e807758a2a6
525,35cac0573a06f610cc8e356e0710d9b1,f4f67ccaece962d013a4e1d7dc3a61f7
526,e2248a877fcc536b706ddae3a5057112,f35927953ed82e19d06ad3aac2f06353
527,9fafb9bc4f2296fe5d2d0bc2f8e19a0b,422879e10f46682990de24d770e7f83d
528,99290dd63894e6cec99063010136d484,a19b6951c75da43aad691622dd2f6abe
529,55a34f9f352e3c1ef564fc7855a1b7e9,bd6e6fce9ada76ea2db0f1912e8e478f
530,d241c71cf2299543e1b645b897006666,e67307ff0f15ade43fcb6e670be7a74c
531,5f36b55048cb51c5b249d619ac843d30,c9c6fde711572c1ad99ca12728c6af00
532,158ff08f9b1aeebfa96820580f3877a6,3f14d740544f37ece8a9e7bc8349797e
533,39a2f936ce8890dc3112d7869c18200f,65266b2da20d04dbe00c5c2d3bb7859e
534,07f765655f560c8624267665ce23675a,bdb4be6ce2f7f2b5be0a16088028c7fc
535,8f7832ceda9edb617ec4db7ac64aac47,06edb72f1e0c64b14c5b79353f7abea3
536,6ff2b31b4f80df6b9788d08a13de9ba0,19421075ae0b585f2dc13ff149e2119d
537,e7674094a73ba0e054374f8d3e5581d8,e59dd207c69d86e890febadc796d1078
538,36def45e1f60582815cbf52cf3c33b1f,0bbdc963004d9b2fd3427ee3c5ae3608
539,bc5648f2c5f11d59052573a2c8bff9b3,36f60d45225e60c7da4558b070ce4b60
540,c0c96998a33dac2ddfbcb79673ec8b85,f1c7f353075ce59d8a6f3cf58f419c9c
541,556cf877ff4c70e71e97a35057f6ed23,2b4609f8948be18874494203496bc318
542,0c32aa09e8eced3ea26c2a013b7b75e9,6a2909ac21d16b721e4795e7e8ff3e68
543,73bf20bb22133ed5ae8457527dcd5e4c,53759a2ecddad2bb87a079a1f1519f73
544,ff460daf2964c4cccf8602d6f8dc2fe6,aca2eb7d00ea1a7b8ebd4e68314663af
545,0ccb948a381d9527ed8500bf8ac516f9,389d119b48cf3043d311335e499d9c6b
546,d2560fea402745a0f20f542f829c6109,ab9cf155f8280c3739b09fe341a185e8
547,4e7d084161eec682220d0adeec4eec8f,19421075ae0b585f2dc13ff149e2119d
548,7e82fd8a6c26147a8797d761fa68c497,9ecadb84c81da840dbf3564378b586e9
549,35c636d4e43216044ff512852a93fc48,6a1a04054158fe995e1688d8f79605b2
550,15bd73fd31976616a6857ebe833c006d,d5991653e037ccb7af6ed7d94246b249
551,3e5f5bb5af4d9b3dd7282e52c4e68d00,a19b6951c75da43aad691622dd2f6abe
552,b4f1ff0a8427c0b4124fa53415c204fb,1bfb290d7273a442c874dbe74b4abae6
553,44f4e30c7aa3df7983d97f2b96c3a0ea,fe6a9515d655fa7936b8a7c841039f34
554,e301216623168d227eb0b0a3aabb1e62,e53e557d5a159f5aa2c5e995dfdf244b
555,d7c6bdf20c4ec9c9cda815dde58e778a,154e7e31ebfa092203795c972e5804a6
556,209e5691e2cda59cd71e45417d7f95a2,99a4788cb24856965c36a24e339b6058
557,3c84bedc36c5c2894b111072c93f0953,53759a2ecddad2bb87a079a1f1519f73
558,de7cad0a39eabfa2285ef0b891ef404a,cfb763496d9fc48751a27db4fd02aa2d
559,9300ffeb6ecbaeb37ebdb2120a28e1aa,08574b074924071f4e201e151b152b4e
560,02a6a137ef7fe2414c9e14fc4d060790,aca2eb7d00ea1a7b8ebd4e68314663af
561,61ac7e9c4e03f8bfcc5ce5cd7c0fd2ce,a6ad77b15e566298a4e8ee2011ab1255
562,f4371991881a328886a134bbc99cec9e,43423cdffde7fda63d0414ed38c11a73
563,6ef8c06e2d3781d146627296130f7cbd,3dd2a17168ec895c781a9191c1e95ad7
564,4644f1b187e390a08b4c66fb16c91364,962a6951154f98f2c8e9a5b8b2bcf4a9
565,77a6c94cb83a7b908cc7c18f3e812635,0d85c435fd60b277ffb9e9b0f88f927a
566,fb98136edc2c0f996bfad36a0c7e1306,8ed094bfe076c568f6bb10feada3f75d
567,a35a5dd77ca1643b8f45340f5cd94606,6cdd53843498f92890544667809f1595
568,d36a8be7c46a52c448722be4f41fca7b,086351823300e0339f6955b27998c186
569,e378ece7324086aedbcb98b5f5eed332,368c6c730842d78016ad823897a372db
570,9099c659f8cd764e87a1482d258fcec9,656e0eca68dcecf6a31b8ececfabe3e8
571,7cc783df9242724b3978ad4c65051413,593236d0ff46b4299b4787fb8d43f7f0
572,2b80802d3e1ca452e18559c9c999b11e,3eef0cb94ba82de806bb30ab743c7655
573,2ddd50b61ee4a82b40033feecac1f863,154e7e31ebfa092203795c972e5804a6
574,4df9aee56fa602c72756abb22ee60b17,422879e10f46682990de24d770e7f83d
575,4c784e9b5694686ca87374656421b3a0,e03102efbc2229024c89be731f0aedcb
576,b463a8269222e847080bf23fc3b06218,2948658cb6abc82847412be7201bfc4c
577,fe81bb32c243a86b2f86fbf053fe6140,e2bb00220a167d9e60b6776ac33717bc
578,ae981c3f2169be56a72188c98eacbf35,e03102efbc2229024c89be731f0aedcb
579,f46ebdbd5c48c0683980a759b8937912,ee57070aa3b24a06fdd0e02efd2d757d
580,6a583f4c6790a4c8330beb7612e17f42,422879e10f46682990de24d770e7f83d
581,ec441c1966bfa602976763f330fc5168,3f14d740544f37ece8a9e7bc8349797e
582,e8e4b74753e577683c109ea6a50283c9,aca2eb7d00ea1a7b8ebd4e68314663af
583,620cb4f374cfbb348e54fdb28a84d115,c6336fa91fbd87c359e44f5dca5a90ed
584,efce1ab3e96ccab8b1b464326bd22417,dbb67791e405873b259e4656bf971246
585,2b26db3c45d52a1b983f12f2201cea88,422879e10f46682990de24d770e7f83d
586,24a97b56158eb5f55b2840923c8c90d9,eb8c629f70275fd1c4f809116cce1efc
587,9271b12d584732342f9ab94f9f08dddb,3dd2a17168ec895c781a9191c1e95ad7
588,e75ed76f494fbab8e9383b40c1a75d6a,362b773250263786dd58670d2df42c3b
589,6cf20fae2683f7ed1952aa20791a500e,c2ece64199af7a53793ed9612a89a8cd
590,157c95d6d16d5c99d6c0355f3f8fb220,8ed094bfe076c568f6bb10feada3f75d
591,b3393eca96cd098382248663504da521,3eef0cb94ba82de806bb30ab743c7655
592,0fd475edfa0b61c59ecde6f89c21dedb,53759a2ecddad2bb87a079a1f1519f73
593,c85df1c6ef6f7bb605e1c49d34f172ee,368c6c730842d78016ad823897a372db
594,2214477bc746c01d7e790dba816a9a2c,8ed094bfe076c568f6bb10feada3f75d
595,ee9075a8920482033d6003b4fcd420d3,cec09725da5ed01471d9a505e7389d37
596,7fe9dc21448d5fa5a0629aefef9a2375,c4baedd846ed09b85f78a781b522f126
597,31fbbbc073c459e8e38cca0610bb250b,43423cdffde7fda63d0414ed38c11a73
598,d262a1a1abd12ead162803a7a3b00a2c,53759a2ecddad2bb87a079a1f1519f73
599,355ae139c8a163fb77c065a2d1403ed9,c92f0e7b9d49a9543558d6532772441b
600,7a1751f98e25f665fc0130c7b001e18f,154e7e31ebfa092203795c972e5804a6
601,0096c18412349537abc45e350581cbbc,e9a69340883a438c3f91739d14d3a56d
602,61615462ba0c9794aca790381c4ba0df,e53e557d5a159f5aa2c5e995dfdf244b
603,ca59b3f1cb691ed31e52243506f53204,a5341e3f8155dbb3e62323d3ea289729
604,0f10d99ee99ca3d0489f2f2169b41ec3,3f14d740544f37ece8a9e7bc8349797e
605,755b01b2c86cb92e6b25d45f9fa8c238,16679d68bdbed3fb97af806424d7f2b7
606,672afa8a0a510643b1be75d99ec3dab5,389d119b48cf3043d311335e499d9c6b
607,43e195ceb5ab683d2ececb21906a0bc7,a19b6951c75da43aad691622dd2f6abe
608,7fb191b031c09431d3aebc2af9136bf3,d2085f7e0f9533605386960fc7e987ec
609,3f33e7e7a4f7ee0ccf8fe97631476ee1,634256dbcd184b3757ffd7632c9fe52a
610,6cd5ad2783f175ab9dac5072bc7e3d73,422879e10f46682990de24d770e7f83d
611,6183466d2bb310b5b0698d30fff75685,5d6bea33648f018dbb563f3a2fab09f3
612,96d3a3257161c32fe93aea0e38b16515,3f14d740544f37ece8a9e7bc8349797e
613,91d1f79f98b7fe73a0cc8a3732e1b5ec,aca2eb7d00ea1a7b8ebd4e68314663af
614,85089f1aa1b2e4f966b94f2302b6fa52,9ecadb84c81da840dbf3564378b586e9
615,ff5f29fbfd0a13f7e7ed9f7b92a32194,99a4788cb24856965c36a24e339b6058
616,a0ef77ac3d3662b055dc12b045da37ed,42ec84ace63b58b8c5a7ba7be01d5fb8
617,37d7f68849e1f7a6bcc58225180fc4f3,2b7aa376a6e728560bddb5558cc48e89
618,471d5ca7721cb58b096d992a4790914a,719d571299707561c34ba04ab867b32a
619,1791d6a30fb776207b1dfe8b6a10bdec,e1da6ab77f4859eb17950e5df1c0f815
620,a96d5cfa0d3181817e2b946f921ea021,368c6c730842d78016ad823897a372db
621,1adda1d29648d09ecb614183224283ab,19421075ae0b585f2dc13ff149e2119d
622,b53511e0bbf90c3934069a666ae37004,0bcc3eeca39e1064258aa1e932269894
623,e0c42e9b0757216867fcad61d4d5bbfc,dbb67791e405873b259e4656bf971246
624,52bfbce3fe777635d0c5bb7b948ea28d,216bb0e0cd43ffd832e0973d35e0377e
625,82c01a7c6ad994bc5b31f5443d568463,b99e4f4fa3f421e0ffbd512d9f152dec
626,36cfec707344b75d20e6c7ef583c3b8c,389d119b48cf3043d311335e499d9c6b
627,73b78f75df448f01b52aee67c38e1b4d,368c6c730842d78016ad823897a372db
628,f2d2623248546be027a13f28302413fb,9f1c3e71d56894398a42b050b07f1baa
629,92fc4892f11581ee802e8e2fa4296433,2b4609f8948be18874494203496bc318
630,ac9414c0e58a953e90704b68745f9105,ec2d43cc59763ec91694573b31f1c29a
631,4b979b432abe14a88cd0cde893952677,0bcc3eeca39e1064258aa1e932269894
632,02168ea18740a0fdaaa15f11bebba5db,f646af315b0f3a597f69213537ca2199
633,8b29166c3e2b7a11a9d08d33d8c2855d,ec2d43cc59763ec91694573b31f1c29a
634,c82b80d63f63c5162fab931e14fe2d1e,990d135e28e075648cb7d83198fdccf4
635,f97aed4553c3d4cbe1c7d195a9af2503,437c05a395e9e47f9762e677a7068ce7
636,4e4b787733d41ea0cb9b69a192bb285e,afeeea6271148ee1bb15173b8187c431
637,b1acdafc7f3a6e64a03daa1ca70faa4f,a92930c327948861c015c919a0bcb4a8
638,47e73a2fd380ec487a3b25fa01104859,5d6bea33648f018dbb563f3a2fab09f3
639,eb742a3b914c53d45f1a30c8e2fcd8bd,422879e10f46682990de24d770e7f83d
640,5de2ac1ddbb63c7fc948c3e442de54f5,bbaef2eadf31fe3ea6702077398be06c
641,ebbd6add0f87913efc5075a1cc65cfb8,f7f59e6186e10983a061ac7bdb3494d6
642,4edee17e45aafdf0c87af0d5501ad974,593236d0ff46b4299b4787fb8d43f7f0
643,3cb0a02ec42f3c3850e396077ace0c8f,c0704b7b41d23540e8576c5e84484dcb
644,7d2e246c38946e89eda0c9c1288fc0e3,422879e10f46682990de24d770e7f83d
645,2674aeba762a1b689410d5a4e705e323,b1d207586fca400a2370d50a9ba1da98
646,dbe1af764dcabd00ec0e60e989c1a46e,634256dbcd184b3757ffd7632c9fe52a
647,cf81f79e7d4c75a3f4ee67cb7995ea11,b532349fe46b38fbc7bb3914c1bdae07
648,de34b16117594161a6a89c50b289d35a,5403528d987ad26e8d7cb25940411987
649,4d46468a975352fcca7ab6e1d828fea8,e0cf79767c5b016251fe139915c59a26
650,63d034bc32d0d96dfb982402a5f1f439,cc5447118c174dcc6456c84ccb29e6f7
651,94fe756b3e56a9bc28dcf7f832f0e11c,389d119b48cf3043d311335e499d9c6b
652,7d2e246c38946e89eda0c9c1288fc0e3,389d119b48cf3043d311335e499d9c6b
653,f6fb0a1d82180937a765dcc6ce6bd9a0,a237de12bdf0bfe4fe220bae65a89731
654,3629c99b2eeb7ce39e112a13db76a08f,53759a2ecddad2bb87a079a1f1519f73
655,7c5dfaa81bfd0f0349fc47b92b3202f1,b532349fe46b38fbc7bb3914c1bdae07
656,9a7f008e7c9c792d655b815d5596ea51,c43ab4269cbf91b373263db4c2973cad
657,8c93f951b7b9bdd9a00c3da5b6e2ed65,e7cc48a9daff5436f63d3aad9426f28b
658,2e01258d69e065fc1280cf585abd2754,4b96786612ebe7463132fce2c4dca136
659,8038505867c69488c5dbba1ebf144739,389d119b48cf3043d311335e499d9c6b
660,40dc506cf700d87a3465020f6f21dbe4,962a6951154f98f2c8e9a5b8b2bcf4a9
661,139093b1c6e7e3108ac0469ce43bfb99,368c6c730842d78016ad823897a372db
662,a262442e3ab89611b44877c7aaf77468,e84997d75938765ef99930f908ceedf4
663,77cb7e6834fcba5aedaa7c92d17504e2,7c4a8bec217df1de0df2b5aaf8175b65
664,8ef9add628931053f28350c0ad4bc7f7,2b4609f8948be18874494203496bc318
665,3d4cd13fd525234c1c4a2304fbe769e0,f40876e0ef3cd5f9132b1f16b04b1346
666,ef0efc1944d3c2469876fbd10eb5cca2,3dd2a17168ec895c781a9191c1e95ad7
667,49482ea59e5df9ca522b982c7518dcaa,d6fe3b4ddecd4a8393c6a1385de3bfb6
668,ee9d97a7d28183a3d93aefb807e48524,154e7e31ebfa092203795c972e5804a6
669,3daecf8142fdd6c03cf4825284d1bb5f,422879e10f46682990de24d770e7f83d
670,07edb6092d391eea668598f604cb8a80,928e52a9ad53a294fdcc91bcf59d1751
671,1573b77edd530a9750e7245acb45ba67,d3c044bd42d84a79e3b0c42662806a48
672,149c19901ddcd1057deaabc003004a12,c6dd917a0be2a704582055949915ab32
673,229eb22d6cd2e70148026fe758adf054,eb8c629f70275fd1c4f809116cce1efc
674,83aca63b2193ea126b287f3ae61528d9,a9516a079e37a9c9c36b9b78b10169e8
675,9f3495fec7de50e7f0e31d3f1ed3c526,634256dbcd184b3757ffd7632c9fe52a
676,9cc5a07f169a1606fd347a56683e6ea6,24c66f106f642621e524291a895c9032
677,56d8657415db763795b16dd5b0a8626b,ecbe1ef7e2903ff8b1d704ba78fa264d
678,5a6b37816cefa8497b74b1ef78dbb202,9bb8ca338e5588c361e34eae02e8fad6
679,49c6b1ee895e59043bcd5e2135f08355,b38b25d838ae0b8385e8cc68b9017644
680,5fff3ec8fc85df5fe57190fd9b6543ed,a9516a079e37a9c9c36b9b78b10169e8
681,f46ebdbd5c48c0683980a759b8937912,0d85c435fd60b277ffb9e9b0f88f927a
682,6e4afe450ee7ad953724331f32967158,a5f6ba3fe91a2e73f10b612131cb2404
683,a5c93e7b12545f61cbf92efa2d77f1f3,4298b7e67dc399c200662b569563a2b2
684,6469f99c1f9dfae7733b25662e7f1782,36c2fb4fa746273709c373f6d6ec6796
685,cf42a8c1a61f7148c0f031a53c5d17da,a62e25e09e05e6faf31d90c6ec1aa3d1
686,0fb360a422d2297dcf21d4d7b91028db,aca2eb7d00ea1a7b8ebd4e68314663af
687,24fb2954f8c6cdb4b900ed8db6dc88e2,ee0c1cf2fbeae95205b4aa506f1469f0
688,70755e5b9df5988f592f3dec6279f1be,2b4609f8948be18874494203496bc318
689,3279712e1ea8d52462488b4fb9dd7014,173e9fe34bfe97f3a5e6dc57fe897b74
690,f736308cd9952b33b90b9fe94da9c8f5,43423cdffde7fda63d0414ed38c11a73
691,7cbfdb67d344d745e097fbb2a570c9e6,35afc973633aaeb6b877ff57b2793310
692,8188d88246b1fa1783f4c55e83b72d49,ef66e63137bdd1b2e44aa968646fc1e3
693,f377461b37160ea383bbb3535714ba31,703d742887bb9267f89b675608ba7aa0
694,ba7674c3d15d5a0b9fa46c862925efd5,9ecadb84c81da840dbf3564378b586e9
695,31c9035341cb7e0645f2f6531616efd2,e53e557d5a159f5aa2c5e995dfdf244b
696,27a09991ce74f723742165ebf54c609d,3dd2a17168ec895c781a9191c1e95ad7
697,a12a621f30840fa2b54038c8b8a3c0c9,f1c7f353075ce59d8a6f3cf58f419c9c
698,4ea84245bb51d89f7ea345cf74de259f,42a2c92a0979a949ca4ea89ec5c7b934
699,175c218b2c3faf004c66a515df967b4f,1bfb290d7273a442c874dbe74b4abae6
700,3d17d6f9493bde24f4573ae73a4fc15a,bbaef2eadf31fe3ea6702077398be06c
701,a44b31b99d33ba6c128b857d28842ea8,be0dbdc3d67d55727a65d4cd696ca73c
702,c0d20a347b03d509b4ff01af068b3acf,dbb67791e405873b259e4656bf971246
703,7ac875f3932b2158020591e646d89bee,4c2394abfbac7ff59ec7a420918562fa
704,c0b34be03e16c03ae344ada47dfd78a5,53759a2ecddad2bb87a079a1f1519f73
705,e8198977f57313464a8c3fd122c40050,a9516a079e37a9c9c36b9b78b10169e8
706,3e4113733cb7d8c9cf71ea079787d94e,9ecadb84c81da840dbf3564378b586e9
707,ad450c51ea517736f1ccd3dae3f1506a,bd6e6fce9ada76ea2db0f1912e8e478f
708,776cad3fee13e08b582b75eb3cff929b,ec2d43cc59763ec91694573b31f1c29a
709,2eb631a7476babac8aac18cfd99bb7d1,08574b074924071f4e201e151b152b4e
710,3e2662d873c55f390786c29319aaaeac,be0dbdc3d67d55727a65d4cd696ca73c
711,cd94dd7a37a6160bf004a86f9d36765d,b532349fe46b38fbc7bb3914c1bdae07
712,9e3cc1906aa2db29c30aecb2d642a41d,422879e10f46682990de24d770e7f83d
713,a440ac198e3e7e955a1e99fa738b81d1,389d119b48cf3043d311335e499d9c6b
714,c51a1f42780144ae12d0e529abc3f83f,8c591ab0ca519558779df02023177f44
715,8b33725ded59c682ee7cd08837c996bd,422879e10f46682990de24d770e7f83d
716,75bbb6b481a1df1689bb769e63ec3acb,2b4609f8948be18874494203496bc318
717,ce839bf77a192f7bf02be8b01ee3af1f,44a34214a57dc373dcd80f54c919d006
718,f50e0207673076aa6cd350a771426079,368c6c730842d78016ad823897a372db
719,d2560fea402745a0f20f542f829c6109,ab9cf155f8280c3739b09fe341a185e8
720,5e173e3a61caee66b96f214a6e5bf4cc,ec2d43cc59763ec91694573b31f1c29a
721,74cb21ed97707645fbb69231f30a55ba,d2085f7e0f9533605386960fc7e987ec
722,02168ea18740a0fdaaa15f11bebba5db,f646af315b0f3a597f69213537ca2199
723,c292a9555bb306c37d457cf89eb7afe3,703d742887bb9267f89b675608ba7aa0
724,3c084b2007d6efc5db0eb0ab4bbf4a92,53759a2ecddad2bb87a079a1f1519f73
725,7cd931d3566a9c43e15d5e6ce9ff5759,422879e10f46682990de24d770e7f83d
726,f9739394ba1f9417dfdac702e30f4b44,154e7e31ebfa092203795c972e5804a6
727,a7ae825c00e6e6bd9c2a7b34568c847f,474bb6b54fc608ca71059a6c4f7ecda3
728,62a7980dafa5c5b4de80c87ad992e576,0502d1a36be75bd36b452f31c6ed264a
729,b4be8ffe5a39196f0098f30316f7d7a1,93a12c289ca2b78e7069e469f5053ef2
730,d557ddc6a5d521f22173bebc2d116806,781afe929e3016a667f5f439afd55fce
731,a017de101a9c4fab4995c1bc81e737ea,422879e10f46682990de24d770e7f83d
732,80282a1a77281692a0339c2a08d0e6af,89321f94e35fc6d7903d36f74e351d40
733,c9ae1d598a33315fdace01e3bfefc5ea,a62e25e09e05e6faf31d90c6ec1aa3d1
734,f43e533381a4e43d80c05aa7d4508d27,d2085f7e0f9533605386960fc7e987ec
735,e8569c57efe3adf347b3e92ec04d1f91,b1acb7e8152c90c9619897753a75c973
736,1287f6d27e4d6b299b6df65340831bc0,a62e25e09e05e6faf31d90c6ec1aa3d1
737,de5f2d4aa1e29e756ca9225b1f157474,b0961721fd839e9982420e807758a2a6
738,bc78f39e91bb48ceb856abbc417f952b,dbb4ce89c8ed5fb6fd901e2e51093179
739,0b70d1e8e5462729e993c3e82ba3d5f1,389d119b48cf3043d311335e499d9c6b
740,15090f48004f3b0fc18a167ef82af4db,368c6c730842d78016ad823897a372db
741,dafed84bd81b77b98a60f77155d1a592,44a34214a57dc373dcd80f54c919d006
742,2ee975c9c2318bfa81d7c2ba24325099,928e52a9ad53a294fdcc91bcf59d1751
743,2a791088702b2842fed7ca1e30366441,53759a2ecddad2bb87a079a1f1519f73
744,51d8d985d769925b981b4a34ddf6dfc6,f1c7f353075ce59d8a6f3cf58f419c9c
745,aabfe4bed1559f2d0db606df41c670e5,a6ad77b15e566298a4e8ee2011ab1255
746,98e3117841a2431959d17808f04bf23c,87283a98b24f9f1ac3a31b631073cf47
747,a954d989f268b18a098b7bc8dda45605,e8316a4667e5870c85e906b1f062bde1
748,bf06b935e76a7545da01410a6befbb1c,16679d68bdbed3fb97af806424d7f2b7
749,015b72d1a4ec2bfcf75518ada117c62b,ba80c9f47a84d1e08465f72e22930c83
750,af329b8b816bc8de251c365f45c848af,b532349fe46b38fbc7bb3914c1bdae07
751,c396d1334ba8f1ce91954289ef4a3547,e94df75b2e9a8b056be0c144a731f55c
752,5fe43c878638f310d21749d3bd1d6c7e,3eef0cb94ba82de806bb30ab743c7655
753,4db1ef0722c0e2c670108b4e6fb3c3dc,8c591ab0ca519558779df02023177f44
754,3fdd5f758dedbccffc537354946aa3b6,98d61056e0568ba048e5d78038790e77
755,3ed43933688790e7fee3db8a00b1a644,362b773250263786dd58670d2df42c3b
756,802048ee1cd2b9279ac0b5e88dd7f1f0,f646af315b0f3a597f69213537ca2199
757,037f1240d3a139aef654264b518eb7e1,41c24b8ce92d1a2cac62db5edfd088b2
758,da4e881eb0df5b43c3bec5807531cf1b,bdc3291ab242ec1effc8eb0987850268
759,a029899dd8534557a81c369475ff80c8,368c6c730842d78016ad823897a372db
760,7b4a91076722dc7d9922d8645b65ff89,6cdd53843498f92890544667809f1595
761,80d8a69b7c8b84247423da36627c0402,b532349fe46b38fbc7bb3914c1bdae07
762,d26420cca939f78a409db32872c4c8f5,4b703444923b5e57bb73ba343f5ebab7
763,daadde0c2a713a64ff101882b86e580b,ab1f9387c0627dd24000bfbc54fdeee0
764,c2000c6cfbe7491860ebda77f950e934,880be32f4db1d9f6e2bec38fb6ac23ab
765,0eb8fc3d7874dbda89ec5baacdbff18c,656e0eca68dcecf6a31b8ececfabe3e8
766,5a6b5514e636a2cf9fb3b08f277ad865,aca2eb7d00ea1a7b8ebd4e68314663af
767,c169c9937db997a267f749cdd64c161f,d5991653e037ccb7af6ed7d94246b249
768,2becf6f55d064453e6d7abe2af4ad36b,b0961721fd839e9982420e807758a2a6
769,bfb916b45d07729be21abf9ac6e87fb7,aca2eb7d00ea1a7b8ebd4e68314663af
770,e8ca08f200cf74746cd5e671efcb61f3,422879e10f46682990de24d770e7f83d
771,4d1fe8b6f5e9ee044a14467c8b2832b6,36f60d45225e60c7da4558b070ce4b60
772,6223bdc5aab952ee49dea3511f89e7ec,a62e25e09e05e6faf31d90c6ec1aa3d1
773,fc8fdb59b2733fc11ea6011d9b85396c,7c1bd920dbdf22470b68bde975dd3ccf
774,d2c6c89bd52a9b70417f90313b1ce4a3,b532349fe46b38fbc7bb3914c1bdae07
775,04135ea9b5a7f3db234797e55e2d4deb,7fb04722aba7a2b632bac8f9819796f3
776,48a43a82b83f1e3b08e691ffb1d04c58,389d119b48cf3043d311335e499d9c6b
777,6d2366521f257796f9213debb77e341b,6a8631b72a2f8729b91514db87e771c0
778,e8d7e19524297d8d550594ba07bb139b,eb8c629f70275fd1c4f809116cce1efc
779,c731a46dd44dfe456ccfa8968206943d,c73628b1c3144b2e0c9c88072f21a213
780,8ef9add628931053f28350c0ad4bc7f7,154e7e31ebfa092203795c972e5804a6
781,054a0e55182507d21177a99a2965911b,b532349fe46b38fbc7bb3914c1bdae07
782,59b822e7c7304dced326064c6971efd7,404a57563d487aecbc2b1a01d9b89aab
783,394dc24b7c4c8fa4ffbd0d36ddf26477,b532349fe46b38fbc7bb3914c1bdae07
784,fb4754d02671ec24fe5d4952f8b8ecd0,be0dbdc3d67d55727a65d4cd696ca73c
785,06c18dc9dc7a01e3322f4e9245dac0ed,5526b1ae9ab2688cf600783cece249df
786,d2ba84114230bd2f5d401ddb302ac4cd,b5e13c9a353102f79c6206ff5cb61a50
787,c3807b5e102688c2dde01ce0292c7aa8,474bb6b54fc608ca71059a6c4f7ecda3
788,6402d1b2927387b210f6360a1933d931,b192be433004cc1f10b467c0e9ea309b
789,8aceaff31bf558470ed6433f264633aa,2948658cb6abc82847412be7201bfc4c
790,6856178ce177496369e3a83fd143e621,8c5876b1c7768217964f353bc7e64393
791,21da1ed023e8748fc0716785be815825,3eef0cb94ba82de806bb30ab743c7655
792,e7faa4909187fbe531e3297afc72c649,d1c427060a0f73f6b889a5c7c61f2ac4
793,ff763f6fccce840a04aea139ec04c86c,8ed094bfe076c568f6bb10feada3f75d
794,7d0b1773dc928e29e86a230ca9557d08,431d674f9a4fbd0957ecf6ba3fcb6899
795,ff8892f7c26aa0446da53d01b18df463,cfb763496d9fc48751a27db4fd02aa2d
796,b96977c98297c1f35980dca464fad4e9,b0961721fd839e9982420e807758a2a6
797,6d9cdc2c73e65c443351811fb9039bfa,36f60d45225e60c7da4558b070ce4b60
798,b64ebaf3d11b7209fe566364cc359a51,7c1bd920dbdf22470b68bde975dd3ccf
799,1a13743254d9c8e6360106295947932f,97017430754804328eb9597b7f85da03
800,1fb4a26745406d39d44aea5ee0da9608,593236d0ff46b4299b4787fb8d43f7f0
801,ff68ad2883e793597f1c343dd6505f5d,eba7488e1c67729f045ab43fac426f2e
802,798c51ba7cb7ae0428009a93ee51ebb8,368c6c730842d78016ad823897a372db
803,1828417f59821953b154b31e45a02a38,88dd63919fc9ab693803578a04a20209
804,9ece1c68d65c90d06f6a82430ba37437,bee2e070c39f3dd2f6883a17a5f0da45
805,7ec163471da7520f672fef86422f42d5,aca2eb7d00ea1a7b8ebd4e68314663af
806,c8460e4251689ba205045f3ea17884a1,e7cc48a9daff5436f63d3aad9426f28b
807,0f39e9d2f0a01e82e11a73daf7a512b4,e0cf79767c5b016251fe139915c59a26
808,92fc4892f11581ee802e8e2fa4296433,154e7e31ebfa092203795c972e5804a6
809,5917c2b5dd58a629e3fcb5ee5652afe8,e67307ff0f15ade43fcb6e670be7a74c
810,2b5c14b7e1a3d88ff7e0c46e15851f5f,7c1bd920dbdf22470b68bde975dd3ccf
811,70bb8d40cce49a25b570533ee5ac3d28,aca2eb7d00ea1a7b8ebd4e68314663af
812,99e2f46c9fe0bba48bd131ddac456549,d1c427060a0f73f6b889a5c7c61f2ac4
813,5df07aa2b147fcbf68d739d6c31dd5ad,b8a0d73b2a06e7910d9864dccdb0cda2
814,581ff652dc6e002c21a4dfe6a4eca91b,d1c427060a0f73f6b889a5c7c61f2ac4
815,5cbfdb85ec130898108b32c50d619c39,acc444eb5ad26f79d5a11baa6a03c439
816,764bf13c9f7df277b9c0950b88b4c3eb,b532349fe46b38fbc7bb3914c1bdae07
817,4f8e0cd35c770318d9e8874c2956345a,3dd2a17168ec895c781a9191c1e95ad7
818,ee14b494d75d6bfdfb18c3456f37ee2f,aca2eb7d00ea1a7b8ebd4e68314663af
819,ff9ff869636c26565ded16038be5fa7d,f71973c922ccaab05514a36a8bc741b8
820,3ec645c5dfd9cd47e6527566f4386809,b532349fe46b38fbc7bb3914c1bdae07
821,31b8437b83b69d714e1567144351b70f,b0961721fd839e9982420e807758a2a6
822,20a5257c01689ac69410a14cb51bb447,d5991653e037ccb7af6ed7d94246b249
823,158ff08f9b1aeebfa96820580f3877a6,36f60d45225e60c7da4558b070ce4b60
824,c902f3ef39179b58e803da196af3467a,7b85e3deef35afd6ebed5461ee8f0641
825,7a3c2c001de18686d8f87037b28ad0ec,53759a2ecddad2bb87a079a1f1519f73
826,4714c6b809db8b92eaa6a690b9cb6e3d,9ecadb84c81da840dbf3564378b586e9
827,1095295449892204c366ea4e0f78c6de,6a23ae3187f1dac41b7210a8c7739d6b
828,309acc8c68f7c802015a2b0df9602323,e53e557d5a159f5aa2c5e995dfdf244b
829,c902f3ef39179b58e803da196af3467a,7c1bd920dbdf22470b68bde975dd3ccf
830,37f2527bb624e379f72a742154fdb762,b532349fe46b38fbc7bb3914c1bdae07
831,7d0b1773dc928e29e86a230ca9557d08,2948658cb6abc82847412be7201bfc4c
832,96d3a3257161c32fe93aea0e38b16515,36f60d45225e60c7da4558b070ce4b60
833,692074726678229d1fe1887a9f0abb14,c211ff3068fcd2f8898192976d8b3a32
834,6d884f62681147d301bb0517fb0c50e2,b532349fe46b38fbc7bb3914c1bdae07
835,c8460e4251689ba205045f3ea17884a1,e7cc48a9daff5436f63d3aad9426f28b
836,4edc8b814260113b58134ee968726c5a,389d119b48cf3043d311335e499d9c6b
837,c9b254a82a1ab13c17407076046080ad,6a23ae3187f1dac41b7210a8c7739d6b
838,75ac010c4a24b22c13f45dbb0d308459,eb8c629f70275fd1c4f809116cce1efc
839,dd3c1473dd2061e08c79e5b469454b05,30ac6df06dc59ad72cf2f158fc2d904c
840,3b3ef0a0f4d944aa4baa38a856287d9e,d3c044bd42d84a79e3b0c42662806a48
841,b43fa872bef5450df02d9ee898d21f0a,f2e53dd1670f3c376518263b3f71424d
842,04b82d7b6bea9cde35c9934ea1949c34,b59fb744c6f3cd1dc23b10f760848d98
843,bb5cb0b55123e8fc8b7994141cf4b551,4aa6014eceb682077f9dc4bffebc05b0
844,370cd3b09ea745fe047fd11db7430441,06edb72f1e0c64b14c5b79353f7abea3
845,3c548f8815ccc730a538bd754b555dfb,eb8c629f70275fd1c4f809116cce1efc
846,5347ddd0233c010faabd8435f925a600,64fb13596caf118c438edc5c6ed2d50a
847,0f984f9ca7135856453915690249541f,362b773250263786dd58670d2df42c3b
848,94aea9aae532453c72b6afbfe0eaec10,36f60d45225e60c7da4558b070ce4b60
849,4e9fed16983d17a7db116c9215ad25c0,b192be433004cc1f10b467c0e9ea309b
850,51d91326ffc0688da14a001de38c264b,f1c7f353075ce59d8a6f3cf58f419c9c
851,fb51f201e03ae4c1660697b469f3333f,aba86c093ccdbac75b09111d57e50004
852,5b3186d7cf904f2f9369aec26faba4d2,24c66f106f642621e524291a895c9032
853,4f8e0cd35c770318d9e8874c2956345a,3dd2a17168ec895c781a9191c1e95ad7
854,b1972e951abdf114b6ebc0182b3b31c6,d5991653e037ccb7af6ed7d94246b249
855,acc22c5661d387052472b32523c6724f,32e18e89237933ebdaaebd78a27e7fa1
856,10b442e762ba8a5ad22de5ba2207e5f1,634256dbcd184b3757ffd7632c9fe52a
857,79dbe8f7d2cd77fc463cfb663ab1375c,bb50f2e236e5eea0100680137654686c
858,9099c659f8cd764e87a1482d258fcec9,b0c8da302d49498d2ce6be8c631e4e20
859,7480359f2bfb287f5723a3025890d06a,53759a2ecddad2bb87a079a1f1519f73
860,99d909bacd88dc7a0298d3256ff13716,781afe929e3016a667f5f439afd55fce
861,bfa362dad130e3c077e0008686b4f86e,363218ba55c610b750224f90bdd34be1
862,970d5a05f1dd6679c374db78c839733c,4fe644d766c7566dbc46fb851363cb3b
863,bfd87e5c567d5b53600cd4645b56a316,b532349fe46b38fbc7bb3914c1bdae07
864,b4159742c6b85f6c1958779782cc4e76,0aabfb375647d9738ad0f7b4ea3653b1
865,be9f760933638373fc0c4b9061f3f539,b532349fe46b38fbc7bb3914c1bdae07
866,1d35875db271f1136229a00875a415b5,3e5201fe0d1ba474d9b90152c83c706c
867,cd2cc97ebeb86f5791f07c0717c2311f,389d119b48cf3043d311335e499d9c6b
868,8cad2cc9f987ea4b56680700841ce2b5,b8a0d73b2a06e7910d9864dccdb0cda2
869,67b96b3e28695a4bd615b5e95367ec99,aca2eb7d00ea1a7b8ebd4e68314663af
870,797e92a62a1f9e018d0892d3c65e72b2,086351823300e0339f6955b27998c186
871,eca42597306dd33b3f771960f5c05acc,9ecadb84c81da840dbf3564378b586e9
872,6a3927ab5cce387591fcbe8740e58fb6,2ffdf10e724b958c0f7ea69e97d32f64
873,a262442e3ab89611b44877c7aaf77468,3e442d09f9dfef002aadf31960869f65
874,50286d03f988d26e39345b56aeb0397c,c211ff3068fcd2f8898192976d8b3a32
875,fb82affcdf98ee48d9d36c7feb802417,130482add9fd75ccb6c57ba007694a2d
876,ed377ac5da552cf327d3f28c350fbbe5,363218ba55c610b750224f90bdd34be1
877,175d66dd9a312a63f9082689fa7b665c,437c05a395e9e47f9762e677a7068ce7
878,5b3186d7cf904f2f9369aec26faba4d2,53759a2ecddad2bb87a079a1f1519f73
879,3786e249b4f0204ecd72d5af64a2fd89,c857b96593773e940454e76efa8eabb3
880,da4a999adcf6645f862d333271068632,08574b074924071f4e201e151b152b4e
881,bf021b222ddfd6549c1ae7b11a8522d8,6c3effec7c8ddba466d4f03f982c7aa3
882,ed7aae0bd6dae2a07a54cd4f9c0b9b0a,422879e10f46682990de24d770e7f83d
883,22cdbb2cacc76cc791130127e8b9eb02,3f14d740544f37ece8a9e7bc8349797e
884,0e1e99d27fe5ed6a7feaa7072343506c,4298b7e67dc399c200662b569563a2b2
885,c697dce28c67c82352e199f4fea6ec75,e44f675b60b3a3a2453ec36421e06f0f
886,5ba5ed538b8b1117e83297b343d4d8ad,d3c044bd42d84a79e3b0c42662806a48
887,b091f0594b694484477cb61cb0b19d49,7e0dc102074f8285580c9777f79c90cf
888,72ff384d757b9a86b989214e8801b21f,372645c7439f9661fbbacfd129aa92ec
889,c0140285255813aa0830caed71942ed5,99a4788cb24856965c36a24e339b6058
890,48ee1f8dede3cc1ace87b5e3aa3fd20d,cd48f265a63e13b762601f5f794c5fca
891,efc1203c0e827ac8f4c277c55af77b21,87d780fa7d2cf3710aa02dc4ca8db985
892,92ed49c89b00a33df67afde16ad3fe02,d3c044bd42d84a79e3b0c42662806a48
893,ed7ca272c833eeec1a3fbf86a84bb5ec,a62e25e09e05e6faf31d90c6ec1aa3d1
894,b20f3ab024ac7114796526eb0c59bd6a,53759a2ecddad2bb87a079a1f1519f73
895,f208c2e0e8c456b2359638526812c1e4,53759a2ecddad2bb87a079a1f1519f73
896,04ec84709be36aae922647468a0be8f7,223d34a3d9334039f5ff9511dc044bbb
897,ae52fa61f27bd494a25bc4c101fa29d0,b1acb7e8152c90c9619897753a75c973
898,bb6069c06ebe289c666ac63a12d1443b,6a23ae3187f1dac41b7210a8c7739d6b
899,1387a0c12934ae05c968ec7313927811,65266b2da20d04dbe00c5c2d3bb7859e
900,de34b16117594161a6a89c50b289d35a,dc52f0f5d3ec37a93eaf956cde4e5d2c
901,a3a988b211e387fba3be6fdd9b3b23be,b532349fe46b38fbc7bb3914c1bdae07
902,e89bab624ed1d8c75012bf52bacc654c,2b4609f8948be18874494203496bc318
903,d3d9b7841c6c16621fb338399bd9d727,6a23ae3187f1dac41b7210a8c7739d6b
904,01c19b1261325781dcf2f82c9892f80e,eb8c629f70275fd1c4f809116cce1efc
905,1cba83304eaba52a71d853f593d565f1,810e2944bca9850b934e1570ba372e7d
906,3ec83b54e0afb70def9480cd6b9097f7,b114bf337c0626166abe574eee9e3f32
907,3e5dd5efb71f831fffee3735c9e41e87,36f60d45225e60c7da4558b070ce4b60
908,877d668b9e0fb1952d2dfda6f377303c,fb55982be901439613a95940feefd9ee
909,d2bbc82920b7993ce1ed23b1d6313afc,19421075ae0b585f2dc13ff149e2119d
910,209e5691e2cda59cd71e45417d7f95a2,283dc451ad3918badb976d56ff887289
911,6edeeed37ddd3dee7559f358b023ef9b,8b50a72d52d7a91fb19d19fbe069e2f2
912,10b442e762ba8a5ad22de5ba2207e5f1,634256dbcd184b3757ffd7632c9fe52a
913,a0988feb55f4bf6cd3643c2a0d8d3899,b114bf337c0626166abe574eee9e3f32
914,2a9c9698ae8fb45eee69ca8808382671,35afc973633aaeb6b877ff57b2793310
915,ed18ac3d4b68e1401845d3e48636a8e8,3eef0cb94ba82de806bb30ab743c7655
916,ca1bc4c1f280b7d3503e1d946e1f5b68,eb8c629f70275fd1c4f809116cce1efc
917,b679873b72df26318869974877c766d5,1bfb290d7273a442c874dbe74b4abae6
918,c169c9937db997a267f749cdd64c161f,d5991653e037ccb7af6ed7d94246b249
919,fda3a3eb3370c1295a4fc3f6cd3d7604,154e7e31ebfa092203795c972e5804a6
920,8689b3e15d4b16cfd05ecf597a523453,bb42f37fc3d9130e4a4339d24a47dd7c
921,b5c8676946232d41b82710974344a0c1,1bfb290d7273a442c874dbe74b4abae6
922,aac9fe3a15cd18dda46f91a7326c2e69,f7f59e6186e10983a061ac7bdb3494d6
923,ee5beb3f3fa2de43e24d813975d5541e,a59fb60fddcc72a9878b7ed5cb69d8e4
924,0623f038035c3a191a8c19d01965611e,30ac6df06dc59ad72cf2f158fc2d904c
925,1e36e008b130c0ff158f3852ff94241d,b0961721fd839e9982420e807758a2a6
926,64b8cc7a4e6262b3277daca5416d2d83,b532349fe46b38fbc7bb3914c1bdae07
927,87aac0e93ebcc67559e12767e89e3382,cb81df0e3ccece253557f2a07df4727e
928,59d2db950a513645b4f625a77a6d7e02,368c6c730842d78016ad823897a372db
929,b29bd5c2f25523fa4754d058fd513707,f4d705aa95ccca448e5b0deb6e5290ba
930,e0ee4ee1cb156b3e37258a3f66d1a7ed,363218ba55c610b750224f90bdd34be1
931,aaad6d68de5490cba508e4203ddc87de,060cb19345d90064d1015407193c233d
932,92e6265dbbc8fd3ee150c14f65ab4214,a62e25e09e05e6faf31d90c6ec1aa3d1
933,fe2b2f70f3dc31c23319ae1029eac77f,53759a2ecddad2bb87a079a1f1519f73
934,6be28ae15cd1e7b3f3f36ac483512822,99a4788cb24856965c36a24e339b6058
935,0fd96f5fec44ef18ea9a1d86546fb5e4,c075b8e131353552218860f1c421e4ef
936,3413f9bca7b61d654f1da9a0afd68c7b,810e2944bca9850b934e1570ba372e7d
937,2f3ffd9f28e0a140401a51e8ec5ec4d6,d017a2151d543a9885604dc62a3d9dcc
938,1b691ff991aeb3802c0ac4545055af92,9ecadb84c81da840dbf3564378b586e9
939,13c5865b7b534dbe5983384eb555ed1c,422879e10f46682990de24d770e7f83d
940,0fd76325d0e27dc1d06b60c5c549aa04,4178e16324fd0c9a8e18463caf390cc6
941,82746368fb04a9a9cc401ff05daac352,b532349fe46b38fbc7bb3914c1bdae07
942,a10fe3c477989c968aa284bd448b1d5b,dbb4ce89c8ed5fb6fd901e2e51093179
943,bb9b4553d42e28d6b5d59fd8b2540207,3eef0cb94ba82de806bb30ab743c7655
944,4224676a902730ca200b123d65797053,f646af315b0f3a597f69213537ca2199
945,f1a02343b512e3621484af5aeee1676c,d5991653e037ccb7af6ed7d94246b249
946,d08c29302907086e8fe823369542f3ae,8317b177579dd27ff068b83205e2169b
947,1c31e9e0651dcb9bb941ff68c87365ee,389d119b48cf3043d311335e499d9c6b
948,706530a9bda6576aa0902ae0be79c689,eb8c629f70275fd1c4f809116cce1efc
949,7ee99f5c522d01621617d63bda047019,aca2eb7d00ea1a7b8ebd4e68314663af
950,d7ecdd9d0157e03280d9ba2f2330d353,5b226d7c52f86ac72457617f78cff95d
951,330c4a922701111858639f6dc8defc3a,b532349fe46b38fbc7bb3914c1bdae07
952,268b69a36c23ad6124117eb74e6c0891,c6336fa91fbd87c359e44f5dca5a90ed
953,c731a46dd44dfe456ccfa8968206943d,be837f2e0152a208d4386f4126d5bd7c
954,7b35fb694a1c478f507173167fbe234e,422879e10f46682990de24d770e7f83d
955,e11d3faaa3015f037bd24aba35bc8809,dd0dcee76f9c12fff4bc0eb641d57c7f
956,81db097ffce4bd958cfffeca7c41e301,e53e557d5a159f5aa2c5e995dfdf244b
957,9060a674260c428a420775c3cfe36149,52c80cedd4e90108bf4fa6a206ef6b03
958,2d32acd3ec65cdd1da5ef425e03d0fda,d678178aa4291cd25a755a90188375c8
959,df9bd60da4a8f8945d2b862aebd3d418,7c1bd920dbdf22470b68bde975dd3ccf
960,cc02224a63bfaa52e0007916dea1b669,422879e10f46682990de24d770e7f83d
961,1cc71a6cc6fa66799da6f4ef12d23574,f7f59e6186e10983a061ac7bdb3494d6
962,99da196553d9b67b1c762a712a8caaf6,223d34a3d9334039f5ff9511dc044bbb
963,b2bd387fdc3cf05931f0f897d607dc88,36f60d45225e60c7da4558b070ce4b60
964,97b8ceed37878640ed723315f621694e,389d119b48cf3043d311335e499d9c6b
965,44a90aebe64383d8d551ddd72bac9274,b114bf337c0626166abe574eee9e3f32
966,8b4b84dffade27f5ebc63a467529ba30,f908d3bf313a1308bfb2a46ea2685347
967,cc89b537cb7f19d25792c3234673146e,827c4a77226a3e7ef259d61eaa775df9
968,af361e6472bebb98baf67b62201f9abb,368c6c730842d78016ad823897a372db
969,922e15ce9c01f0a09b6883fcbf89c17d,aca2eb7d00ea1a7b8ebd4e68314663af
970,e140ef0b7ace7d9de0fda84a537aae85,a19b6951c75da43aad691622dd2f6abe
971,16f8c97e3a58560cfd64cff33dd78515,35afc973633aaeb6b877ff57b2793310
972,270aac56747e4e1b47a2ab1058a4ca4d,368c6c730842d78016ad823897a372db
973,aa6a8d63220dc100aeb3b8eb301ed741,a62e25e09e05e6faf31d90c6ec1aa3d1
974,f18f45534e927691de0a021ef58c576f,167b4b8c4bd0c401bea62f5e050d70a4
975,cc98e5935f22af62949d0691a2e42907,6a23ae3187f1dac41b7210a8c7739d6b
976,347db05aef50663173f7a9db451e1eaa,4ae634441e444ca4bc85903cafe98d73
977,af697fd28daee4b7c6c4e65c9b87394a,e1da6ab77f4859eb17950e5df1c0f815
978,d46f0f655659cbeb210db2a746b2554f,389d119b48cf3043d311335e499d9c6b
979,67d0c6bd30387f7d14aadae0d0beee4a,c6336fa91fbd87c359e44f5dca5a90ed
980,279856ee4305e463a7969d1ad13f657c,ee57070aa3b24a06fdd0e02efd2d757d
981,203c37755ceffec3ec8618c4057b0334,ba80c9f47a84d1e08465f72e22930c83
982,19a4fb72bf8696a96c13e01bbe200dd4,2083a6feb4bbb31f6abc92fc24e468c0
983,f1fc483a199c20417121d6ab1c5171a4,703d742887bb9267f89b675608ba7aa0
984,1844b7d5e904e6b39fd4518e9c4da815,b532349fe46b38fbc7bb3914c1bdae07
985,9407262ed391a65dd55d3e0d31866002,368c6c730842d78016ad823897a372db
986,b4ef898844c5ae6970a6d0cda79cb367,704ef63ad0ac345842ea734060a83db2
987,e11a1b428e150830944b665cb6b2d5da,c4baedd846ed09b85f78a781b522f126
988,fe52c2abb172426dd6416cc69e6b3689,99a4788cb24856965c36a24e339b6058
989,2c8b13355cef2df676b9e53f86248ec9,363218ba55c610b750224f90bdd34be1
990,a753e2043d1bab6426cfc45022073647,1a758361b1c10b3ffe3d3373332de319
991,718f23593f78864a66285a48bd8318ec,553e0e7590d3116a072507a3635d2877
992,c402f431464c72e27330a67f7b94d4fb,ee3d532c8a438679776d222e997606b3
993,49c6b1ee895e59043bcd5e2135f08355,389d119b48cf3043d311335e499d9c6b
994,2883b515e6b720bb0ecc64965ee0aa00,b0c8da302d49498d2ce6be8c631e4e20
995,935b9c5a3162185f88dac06d8d08d623,461f43be3bdf8844e65b62d9ac2c7a5a
996,bd66fae87c09684e3e5ec411b4248e15,bdc3291ab242ec1effc8eb0987850268
997,b4be8ffe5a39196f0098f30316f7d7a1,656e0eca68dcecf6a31b8ececfabe3e8
998,e4923ae2c32e70e3c5a6e73a9fb872f2,422879e10f46682990de24d770e7f83d
999,9b07fe36ad116125147576cb5894f231,9ecadb84c81da840dbf3564378b586e9
1000,6364655a115c9a45a9283cd8e00aa643,422879e10f46682990de24d770e7f83d
1001,aed838b04abeb2fb94566d0a073bd718,44a34214a57dc373dcd80f54c919d006
1002,0ef7b906320b21fe4d39f99496aaa2d8,29427de7f8a9ee983d9dbc51cec569b4
1003,4e4b787733d41ea0cb9b69a192bb285e,afeeea6271148ee1bb15173b8187c431
1004,65e7ba9c080c81512376e3bde1f97a87,b532349fe46b38fbc7bb3914c1bdae07
1005,4dd8d206e8dd7c0683c08529df9b12a2,e44f675b60b3a3a2453ec36421e06f0f
1006,6469f99c1f9dfae7733b25662e7f1782,c211ff3068fcd2f8898192976d8b3a32
1007,f4af0b3f627879bf6801db96949b1e71,ace5d86cf1ac63cdb76f49e5cd23d2f8
1008,f9ac9d674ba2b542a6b9491820388c7a,8b50a72d52d7a91fb19d19fbe069e2f2
1009,edd176efa31cbfc929efbac163cb45a6,d1c427060a0f73f6b889a5c7c61f2ac4
1010,aaad6d68de5490cba508e4203ddc87de,98d61056e0568ba048e5d78038790e77
1011,a4669a28dd126c93ca64ddf49a15e496,36f60d45225e60c7da4558b070ce4b60
1012,9a2344afe2d1a43559906bd456567a9b,36f60d45225e60c7da4558b070ce4b60
1013,2c50af4ba02025d2f9256d89723d3c18,368c6c730842d78016ad823897a372db
1014,a7941a8ddbfe8fde0bd23ae272484043,91b08d34d0ba4db44da2dc382867ba49
1015,f6ce56125dd12927a023b879008a5ced,2083a6feb4bbb31f6abc92fc24e468c0
1016,a5c6335399140e986db84120c425adf0,32e18e89237933ebdaaebd78a27e7fa1
1017,c04dc38af3ee271e9c8863809023adee,d3c044bd42d84a79e3b0c42662806a48
1018,06ef40d6e048bc6ca4c8b6f2190227e1,362b773250263786dd58670d2df42c3b
1019,8c108bbb0e50260292b20cc76a647aaf,d6fe3b4ddecd4a8393c6a1385de3bfb6
1020,744fb2d41ededa16d3f703b7065b234c,283dc451ad3918badb976d56ff887289
1021,f2cb4abe193595fe70e9c380e488004c,ef66e63137bdd1b2e44aa968646fc1e3
1022,370cd3b09ea745fe047fd11db7430441,764292b2b0f73f77a0272be03fdd45f3
1023,ece03fc0e61f6068f69c308d3f7fd399,eb8c629f70275fd1c4f809116cce1efc
1024,bfca7a9e3e07df51447510ede80822ec,386486367c1f9d4f587a8864ccb6902b
1025,551a43d7e0bb14426e6ca28d7eec8463,e251ebd2858be1aa7d9b2087a6992580
1026,83947230de9d7dd167a59ffdc8efc11a,b532349fe46b38fbc7bb3914c1bdae07
1027,ae20947231d4d44dde1680a7ab14d90a,bdb4be6ce2f7f2b5be0a16088028c7fc
1028,5babe7dff334b057190325fe6d7c01c8,2a2d22ae30e026f1893083c8405ca522
1029,8ba4d8df239c8595f7c97857fdb63794,8c292ca193d326152e335d77176746f0
1030,bb81f281d073876e133f437f99379257,ecbe1ef7e2903ff8b1d704ba78fa264d
1031,8fdbf4be9d2e2c8562b87483baabb13b,363218ba55c610b750224f90bdd34be1
1032,d9a17f8bb519e86263387ece99150350,c50ca07e9e4db9ea5011f06802c0aea0
1033,1157e353f4cdfe0422da4b11092c9918,a19b6951c75da43aad691622dd2f6abe
1034,a3933b244e31797e3d98cfadd9e1ef08,8c591ab0ca519558779df02023177f44
1035,dd55dce5a6ed77921d4187dbdbf5258d,c7fd13b5e515bffdab855d0812842edb
1036,9374b1da36c7464ff35b853955d3de96,e53e557d5a159f5aa2c5e995dfdf244b
1037,1090fe4c57ea2a018b442a61d09b3e95,aca2eb7d00ea1a7b8ebd4e68314663af
1038,4e63f50cca3384236080a9011c33e1aa,f7f59e6186e10983a061ac7bdb3494d6
1039,d18ba4602d649c19b02974c0cb8aa016,aba86c093ccdbac75b09111d57e50004
1040,08f39bc6b746bc26013fa99b725e83e6,703d742887bb9267f89b675608ba7aa0
1041,49edfe73ea287d715eebfced06b0bea9,dfb97c88e066dc22165f31648efe1312
1042,92d17e5bfcb7cee1cb1cd2939f87d5a7,ee3d532c8a438679776d222e997606b3
1043,892a397bf8506b6c30355f3fc1338900,f4f67ccaece962d013a4e1d7dc3a61f7
1044,364eb78108f9497580ca43f397733322,b0c8da302d49498d2ce6be8c631e4e20
1045,38a4f1deb45ca914dd13c73b41775d71,58efb9b638561ce132216a9a612513e2
1046,4755e6cf97a25760ab159e0457c84a29,e53e557d5a159f5aa2c5e995dfdf244b
1047,639145e1dbde50377a98bd9b9499cae1,42a2c92a0979a949ca4ea89ec5c7b934
1048,36cfec707344b75d20e6c7ef583c3b8c,368c6c730842d78016ad823897a372db
1049,56a074e0fc79b287c1170d998519f1e8,422879e10f46682990de24d770e7f83d
1050,d7f6e9886ca95a44f332ec611f8cce9a,679a3e5e1d2bb68982be5734c6e55e63
1051,948e6eb8ffab76ddf59f726c522ffe06,0bcc3eeca39e1064258aa1e932269894
1052,c0237d2d96bbcd13d2352c520b9bff0d,389d119b48cf3043d311335e499d9c6b
1053,cb5d14426ba66f929f72e01bb92fc3cf,25e2023ed83352bde98dc1490d14c3d8
1054,a30986dc6e9c8ee885a5ea822228e919,921d31a1daa51460b7a95ea5f3ab64d5
1055,af417df88fa589d65603e559ee80a22c,35afc973633aaeb6b877ff57b2793310
1056,c5f8ad9c7a984ed40bafe7cf3da28991,a6ad77b15e566298a4e8ee2011ab1255
1057,1e51a6a24372a8bedea3519f13f80e91,422879e10f46682990de24d770e7f83d
1058,70f0fca2435f0fa72fe85699630791fc,404a57563d487aecbc2b1a01d9b89aab
1059,99e81755475a6a171eb34ee82233aca6,72d3bf1d3a790f8874096fcf860e3eff
1060,5b7716e8aa1c87067f1469f336eefebf,cfb763496d9fc48751a27db4fd02aa2d
1061,1f98d2384ff7a372e6a2d3bb75cbcd54,928e52a9ad53a294fdcc91bcf59d1751
1062,302f6c3eea8eb8ee3a365720c5593d3a,aca2eb7d00ea1a7b8ebd4e68314663af
1063,4676d26aeee5695640b84d96de57df7d,b532349fe46b38fbc7bb3914c1bdae07
1064,6c3e108f1e1557d100568d8361693ea7,99f265229d46f700208ad7cb1ff48aae
1065,469c0d6df1bb58ae938abc0926b4d146,b59fb744c6f3cd1dc23b10f760848d98
1066,b9083d4ea470d8ab18c72b357be07865,2bd9b51a9ab079e095aca987845d3266
1067,62d04de212af0333758cfb1a2d98dad0,368c6c730842d78016ad823897a372db
1068,baa50cf818db1f162213ee500abfa17a,7a10781637204d8d10485c71a6108a2e
1069,881fadf40e765beb9dba633791d07159,06edb72f1e0c64b14c5b79353f7abea3
1070,8c23e3b44342b28b61d131be61a5e938,bb42f37fc3d9130e4a4339d24a47dd7c
1071,7c897328e8e63128ba7db8d9bd8da6d6,f646af315b0f3a597f69213537ca2199
1072,4db2d0150b7d2ddb34199376a2ee6e17,569ffd16f8032478cbeb9800f2e94ba0
1073,0ded1a5d4471ac84c9d5008b5455e0b7,0cf41187284d7f099adc8415a743ebbd
1074,a83cc01cd09394ced3e8c97808d94d7d,e0cf79767c5b016251fe139915c59a26
1075,8ee1e34425fc54b1f87318160b378c3b,422879e10f46682990de24d770e7f83d
1076,aa9093a2b098a54d8378e20ff736c62e,fe077ec80df6b4ee60bb4498d5ab1962
1077,d7ad4446f5142b38e6257875b14485a6,d1c427060a0f73f6b889a5c7c61f2ac4
1078,215b9a9848df6dd29932574ccebb5b3e,422879e10f46682990de24d770e7f83d
1079,78b5508c34d8f0974822819043d61ee9,aca2eb7d00ea1a7b8ebd4e68314663af
1080,35a5df988e3223b0d1db59bea91fbeda,542b3d80712d51eefe3a3cd1c5f4e8fe
1081,eb9de7400fca9e18641a9c73e6579614,9ecadb84c81da840dbf3564378b586e9
1082,45fd1f20d58a364a552cfecccfa78935,f4f67ccaece962d013a4e1d7dc3a61f7
1083,5e11d92b083de2a67448f44eb9b92e65,99a4788cb24856965c36a24e339b6058
1084,2e723603179e96cba8649edd5efb09cb,16679d68bdbed3fb97af806424d7f2b7
1085,32b21622c8c06acf5568104e449e2617,8a443635fdf9759915c9be5be2e3b862
1086,79a932ef36d3058a3bff9ed1a8d31b4c,ee57070aa3b24a06fdd0e02efd2d757d
1087,2ae244a7f612bba7451ca1082b6afcc5,63de2743d05ab59d85caa49e49459ac1
1088,4deaa9aac5d5939feb62de62e7d24b50,389d119b48cf3043d311335e499d9c6b
1089,29651ef3b3f865c8f37e9fb3c5b0860d,08574b074924071f4e201e151b152b4e
1090,c054a603188a1008d279b98a85e3a0b1,e5ae72c62ebfa708624f5029d609b160
1091,860d42fc983e6777578d4e12ac80e5e7,b532349fe46b38fbc7bb3914c1bdae07
1092,9e8993ba2665307b71bd1641c2e1cb3d,a9516a079e37a9c9c36b9b78b10169e8
1093,0501840168467a2d31102cf755e6ebcb,a6ad77b15e566298a4e8ee2011ab1255
1094,cbf8fe7ac4aaee0baf00a7c7ba5f451e,060c17562f97e5bb60bc0dfa4dd5b3f2
1095,1a281fe9f53ee457dacd2c9e8ccf861f,a237de12bdf0bfe4fe220bae65a89731
1096,02ff3aee636a9ee1c1fef271daa0bc07,d6fe3b4ddecd4a8393c6a1385de3bfb6
1097,b7b162291adff744d6f3c6450557ffee,06edb72f1e0c64b14c5b79353f7abea3
1098,4df9aee56fa602c72756abb22ee60b17,422879e10f46682990de24d770e7f83d
1099,5336f61f924dcb211eb237913264ba03,8ed094bfe076c568f6bb10feada3f75d
1100,91798cca876208ae649532488494682b,054515fd15bc1a2029f10de97ffa9120
1101,0700983d7f5192901b3732bc96c03c23,eb8c629f70275fd1c4f809116cce1efc
1102,b71a52d5cc0a8877314061c5823822f5,88dd63919fc9ab693803578a04a20209
1103,692074726678229d1fe1887a9f0abb14,283dc451ad3918badb976d56ff887289
1104,15bc82a97a76c0bc8adb4ba30cc885fd,2028bf1b01cafb2d2b1901fca4083222
1105,c98f13bd8800b42134db9d3867aabe2f,53b36df67ebb7c41585e8d54d6772e08
1106,e2492e4188991b6276a4a62a287a5451,a62e25e09e05e6faf31d90c6ec1aa3d1
1107,af644a9daf3d49c493545afd91a48e40,810e2944bca9850b934e1570ba372e7d
1108,82cffd5880c953933b9ebe4e4789edd0,422879e10f46682990de24d770e7f83d
1109,99e2f46c9fe0bba48bd131ddac456549,d1c427060a0f73f6b889a5c7c61f2ac4
1110,4c962d666bca4ac3351d79473581a633,b532349fe46b38fbc7bb3914c1bdae07
1111,5ab9552cd6c3162201301a5bf90e5466,b532349fe46b38fbc7bb3914c1bdae07
1112,4b979b432abe14a88cd0cde893952677,389d119b48cf3043d311335e499d9c6b
1113,ed4c785e11a78a73c48fa3af98008292,389d119b48cf3043d311335e499d9c6b
1114,b1449986ee6516d3797d782b01c36e80,7814c273ab16783d73a9863ebfa8b141
1115,9968246adfa9131d001b7f2fb4851d91,5526b1ae9ab2688cf600783cece249df
1116,6ac1d3a5d7b9d60c230b2931ea47f0c4,990d135e28e075648cb7d83198fdccf4
1117,6e6fdec52c6dbf58721bf7a4eaf5b679,154e7e31ebfa092203795c972e5804a6
1118,ee9d97a7d28183a3d93aefb807e48524,2b4609f8948be18874494203496bc318
1119,8fe4f9a0d6a47babbd498127a9109bd1,dfb97c88e066dc22165f31648efe1312
1120,5cf2f57b9532cfa341be844f67982977,4914f8796af2ecd359fd8f44b9b92339
1121,14391c381a3011bdaac2c5ab5fee642d,d5991653e037ccb7af6ed7d94246b249
1122,6419a1be8feac26ec793667b71cbaeb4,d5991653e037ccb7af6ed7d94246b249
1123,e87cdd2fb9f1d3ff3438a9d02e454793,368c6c730842d78016ad823897a372db
1124,9a79cb8a4015613136f6ef3aa9d3b73e,2fea0f2cec6b6324a277d4a61c2ed2c6
1125,6f3811dc8970606e73b658e8518104f3,10717ff440b2320081989126e858b220
1126,3279712e1ea8d52462488b4fb9dd7014,173e9fe34bfe97f3a5e6dc57fe897b74
1127,c0fc2e3595c750de75d36e7db9399e83,4fcb3d9a5f4871e8362dfedbdb02b064
1128,b1e45bddd6621638cecdf5eb6cce0f92,25f86162fee18735fffdb762dcb10d7c
1129,55fc3a9e868992d2d339316d0800ecd2,21fb5057dd6a737df6851a7ab7a130da
1130,f9172a6495d46451776be8bc8e46032d,8ed094bfe076c568f6bb10feada3f75d
1131,dff33bfc45ae0becc55ce9b50acd4073,36f60d45225e60c7da4558b070ce4b60
1132,5a6b37816cefa8497b74b1ef78dbb202,b8a0d73b2a06e7910d9864dccdb0cda2
1133,09e9991c50513a303a2da26619870d7f,36f60d45225e60c7da4558b070ce4b60
1134,5bc738a48bdb9ca1f798d56de2cce84c,53759a2ecddad2bb87a079a1f1519f73
1135,5097a5312c8b157bb7be58ae360ef43c,d1c427060a0f73f6b889a5c7c61f2ac4
